fixed_acidity,volatile_acidity,citric_acid,residual_sugar,chlorides,free_sulfur_dioxide,total_sulfur_dioxide,density,p_h,sulphates,alcohol,target,name,is_train,prediction
7.4,0.7,0,1.9,0.076,11,34,0.9978,3.51,0.56,9.4,1,1,1,0
7.8,0.88,0,2.6,0.098,25,67,0.9968,3.2,0.68,9.8,1,2,1,0
11.2,0.28,0.56,1.9,0.075,17,60,0.998,3.16,0.58,9.8,1,4,1,2
7.4,0.7,0,1.9,0.076,11,34,0.9978,3.51,0.56,9.4,1,5,1,2
7.4,0.66,0,1.8,0.075,13,40,0.9978,3.51,0.56,9.4,1,6,1,0
7.9,0.6,0.06,1.6,0.069,15,59,0.9964,3.3,0.46,9.4,1,7,1,2
7.5,0.5,0.36,6.1,0.071,17,102,0.9978,3.35,0.8,10.5,1,10,1,0
6.7,0.58,0.08,1.8,0.097,15,65,0.9959,3.28,0.54,9.2,1,11,1,2
7.5,0.5,0.36,6.1,0.071,17,102,0.9978,3.35,0.8,10.5,1,12,1,1
5.6,0.615,0,1.6,0.089,16,59,0.9943,3.58,0.52,9.9,1,13,1,1
7.8,0.61,0.29,1.6,0.114,9,29,0.9974,3.26,1.56,9.1,1,14,1,2
8.9,0.62,0.18,3.8,0.176,52,145,0.9986,3.16,0.88,9.2,1,15,1,1
7.4,0.59,0.08,4.4,0.086,6,29,0.9974,3.38,0.5,9,0,19,1,0
7.9,0.32,0.51,1.8,0.341,17,56,0.9969,3.04,1.08,9.2,1,20,1,0
8.9,0.22,0.48,1.8,0.077,29,60,0.9968,3.39,0.53,9.4,1,21,1,2
7.6,0.39,0.31,2.3,0.082,23,71,0.9982,3.52,0.65,9.7,1,22,1,2
7.9,0.43,0.21,1.6,0.106,10,37,0.9966,3.17,0.91,9.5,1,23,1,1
6.3,0.39,0.16,1.4,0.08,11,23,0.9955,3.34,0.56,9.3,1,26,1,2
7.6,0.41,0.24,1.8,0.08,4,11,0.9962,3.28,0.59,9.5,1,27,1,2
7.9,0.43,0.21,1.6,0.106,10,37,0.9966,3.17,0.91,9.5,1,28,1,2
7.1,0.71,0,1.9,0.08,14,35,0.9972,3.47,0.55,9.4,1,29,1,1
6.7,0.675,0.07,2.4,0.089,17,82,0.9958,3.35,0.54,10.1,1,31,1,0
6.9,0.685,0,2.5,0.105,22,37,0.9966,3.46,0.57,10.6,1,32,1,2
6.9,0.605,0.12,10.7,0.073,40,83,0.9993,3.45,0.52,9.4,1,34,1,1
5.2,0.32,0.25,1.8,0.103,13,50,0.9957,3.38,0.55,9.2,1,35,1,1
7.8,0.6,0.14,2.4,0.086,3,15,0.9975,3.42,0.6,10.8,1,37,1,0
5.7,1.13,0.09,1.5,0.172,7,19,0.994,3.5,0.48,9.8,0,39,1,0
7.3,0.45,0.36,5.9,0.074,12,87,0.9978,3.33,0.83,10.5,1,40,1,1
7.3,0.45,0.36,5.9,0.074,12,87,0.9978,3.33,0.83,10.5,1,41,1,0
8.8,0.61,0.3,2.8,0.088,17,46,0.9976,3.26,0.51,9.3,0,42,1,1
7.5,0.49,0.2,2.6,0.332,8,14,0.9968,3.21,0.9,10.5,1,43,1,2
8.1,0.66,0.22,2.2,0.069,9,23,0.9968,3.3,1.2,10.3,1,44,1,2
6.8,0.67,0.02,1.8,0.05,5,11,0.9962,3.48,0.52,9.5,1,45,1,0
7.7,0.935,0.43,2.2,0.114,22,114,0.997,3.25,0.73,9.2,1,47,1,1
6.4,0.4,0.23,1.6,0.066,5,12,0.9958,3.34,0.56,9.2,1,49,1,0
5.6,0.31,0.37,1.4,0.074,12,96,0.9954,3.32,0.58,9.2,1,50,1,1
8.8,0.66,0.26,1.7,0.074,4,23,0.9971,3.15,0.74,9.2,1,51,1,1
6.6,0.5,0.04,2.1,0.068,6,14,0.9955,3.39,0.64,9.4,1,53,1,1
8.6,0.38,0.36,3,0.081,30,119,0.997,3.2,0.56,9.4,1,54,1,2
7.7,0.62,0.04,3.8,0.084,25,45,0.9978,3.34,0.53,9.5,1,56,1,1
10.2,0.42,0.57,3.4,0.07,4,10,0.9971,3.04,0.63,9.6,1,57,1,0
7.8,0.59,0.18,2.3,0.076,17,54,0.9975,3.43,0.59,10,1,59,1,0
7.3,0.39,0.31,2.4,0.074,9,46,0.9962,3.41,0.54,9.4,1,60,1,1
8.8,0.4,0.4,2.2,0.079,19,52,0.998,3.44,0.64,9.2,1,61,1,2
7,0.735,0.05,2,0.081,13,54,0.9966,3.39,0.57,9.8,1,64,1,1
7.2,0.725,0.05,4.65,0.086,4,11,0.9962,3.41,0.39,10.9,1,65,1,0
7.2,0.725,0.05,4.65,0.086,4,11,0.9962,3.41,0.39,10.9,1,66,1,2
7.5,0.52,0.11,1.5,0.079,11,39,0.9968,3.42,0.58,9.6,1,67,1,1
9.3,0.32,0.57,2,0.074,27,65,0.9969,3.28,0.79,10.7,1,69,1,1
8,0.705,0.05,1.9,0.074,8,19,0.9962,3.34,0.95,10.5,1,70,1,0
7.7,0.69,0.22,1.9,0.084,18,94,0.9961,3.31,0.48,9.5,1,73,1,0
8.3,0.675,0.26,2.1,0.084,11,43,0.9976,3.31,0.53,9.2,0,74,1,2
9.7,0.32,0.54,2.5,0.094,28,83,0.9984,3.28,0.82,9.6,1,75,1,0
8.8,0.41,0.64,2.2,0.093,9,42,0.9986,3.54,0.66,10.5,1,77,1,2
6.8,0.785,0,2.4,0.104,14,30,0.9966,3.52,0.55,10.7,1,78,1,0
6.7,0.75,0.12,2,0.086,12,80,0.9958,3.38,0.52,10.1,1,79,1,1
6.2,0.45,0.2,1.6,0.069,3,15,0.9958,3.41,0.56,9.2,1,81,1,1
7.8,0.43,0.7,1.9,0.464,22,67,0.9974,3.13,1.28,9.4,1,82,1,1
7.4,0.5,0.47,2,0.086,21,73,0.997,3.36,0.57,9.1,1,83,1,0
7.3,0.67,0.26,1.8,0.401,16,51,0.9969,3.16,1.14,9.4,1,84,1,1
6.3,0.3,0.48,1.8,0.069,18,61,0.9959,3.44,0.78,10.3,1,85,1,2
6.9,0.55,0.15,2.2,0.076,19,40,0.9961,3.41,0.59,10.1,1,86,1,0
8.6,0.49,0.28,1.9,0.11,20,136,0.9972,2.93,1.95,9.9,1,87,1,2
7.7,0.49,0.26,1.9,0.062,9,31,0.9966,3.39,0.64,9.6,1,88,1,2
7,0.62,0.08,1.8,0.076,8,24,0.9978,3.48,0.53,9,1,90,1,0
7.9,0.52,0.26,1.9,0.079,42,140,0.9964,3.23,0.54,9.5,1,91,1,2
8.6,0.49,0.29,2,0.11,19,133,0.9972,2.93,1.98,9.8,1,93,1,2
4.7,0.6,0.17,2.3,0.058,17,106,0.9932,3.85,0.6,12.9,1,96,1,2
6.8,0.775,0,3,0.102,8,23,0.9965,3.45,0.56,10.7,1,97,1,2
7,0.5,0.25,2,0.07,3,22,0.9963,3.25,0.63,9.2,1,98,1,0
7.6,0.9,0.06,2.5,0.079,5,10,0.9967,3.39,0.56,9.8,1,99,1,0
8.1,0.545,0.18,1.9,0.08,13,35,0.9972,3.3,0.59,9,1,100,1,2
8.3,0.61,0.3,2.1,0.084,11,50,0.9972,3.4,0.61,10.2,1,101,1,1
7.8,0.5,0.3,1.9,0.075,8,22,0.9959,3.31,0.56,10.4,1,102,1,0
8.1,0.545,0.18,1.9,0.08,13,35,0.9972,3.3,0.59,9,1,103,1,0
8.1,0.575,0.22,2.1,0.077,12,65,0.9967,3.29,0.51,9.2,1,104,1,0
8.1,0.575,0.22,2.1,0.077,12,65,0.9967,3.29,0.51,9.2,1,106,1,1
7.8,0.41,0.68,1.7,0.467,18,69,0.9973,3.08,1.31,9.3,1,107,1,1
6.2,0.63,0.31,1.7,0.088,15,64,0.9969,3.46,0.79,9.3,1,108,1,1
7.8,0.56,0.19,1.8,0.104,12,47,0.9964,3.19,0.93,9.5,1,111,1,1
8.4,0.6,0.1,2.2,0.085,14,111,0.9964,3.15,0.66,9.8,1,113,1,0
10.1,0.31,0.44,2.3,0.08,22,46,0.9988,3.32,0.67,9.7,1,114,1,0
7.8,0.56,0.19,1.8,0.104,12,47,0.9964,3.19,0.93,9.5,1,115,1,0
9.4,0.4,0.31,2.2,0.09,13,62,0.9966,3.07,0.63,10.5,1,116,1,0
8.3,0.54,0.28,1.9,0.077,11,40,0.9978,3.39,0.61,10,1,117,1,2
7.8,0.56,0.12,2,0.082,7,28,0.997,3.37,0.5,9.4,1,118,1,0
8.8,0.55,0.04,2.2,0.119,14,56,0.9962,3.21,0.6,10.9,1,119,1,0
7,0.69,0.08,1.8,0.097,22,89,0.9959,3.34,0.54,9.2,1,120,1,1
8.8,0.55,0.04,2.2,0.119,14,56,0.9962,3.21,0.6,10.9,1,122,1,2
7.3,0.695,0,2.5,0.075,3,13,0.998,3.49,0.52,9.2,1,123,1,2
8,0.71,0,2.6,0.08,11,34,0.9976,3.44,0.53,9.5,1,124,1,1
7.8,0.5,0.17,1.6,0.082,21,102,0.996,3.39,0.48,9.5,1,125,1,0
8.2,1.33,0,1.7,0.081,3,12,0.9964,3.53,0.49,10.9,1,127,1,2
8.1,1.33,0,1.8,0.082,3,12,0.9964,3.54,0.48,10.9,1,128,1,0
6.1,0.38,0.15,1.8,0.072,6,19,0.9955,3.42,0.57,9.4,1,130,1,1
8,0.745,0.56,2,0.118,30,134,0.9968,3.24,0.66,9.4,1,131,1,1
5.6,0.5,0.09,2.3,0.049,17,99,0.9937,3.63,0.63,13,1,133,1,2
7.9,1.04,0.05,2.2,0.084,13,29,0.9959,3.22,0.55,9.9,1,135,1,1
8.4,0.745,0.11,1.9,0.09,16,63,0.9965,3.19,0.82,9.6,1,136,1,1
8.3,0.715,0.15,1.8,0.089,10,52,0.9968,3.23,0.77,9.5,1,137,1,0
7.2,0.415,0.36,2,0.081,13,45,0.9972,3.48,0.64,9.2,1,138,1,0
7.8,0.56,0.19,2.1,0.081,15,105,0.9962,3.33,0.54,9.5,1,139,1,0
8.3,0.715,0.15,1.8,0.089,10,52,0.9968,3.23,0.77,9.5,1,142,1,2
5.2,0.34,0,1.8,0.05,27,63,0.9916,3.68,0.79,14,1,143,1,2
8.1,0.67,0.55,1.8,0.117,32,141,0.9968,3.17,0.62,9.4,1,146,1,0
5.8,0.68,0.02,1.8,0.087,21,94,0.9944,3.54,0.52,10,1,147,1,2
7.6,0.49,0.26,1.6,0.236,10,88,0.9968,3.11,0.8,9.3,1,148,1,1
8.2,0.4,0.44,2.8,0.089,11,43,0.9975,3.53,0.61,10.5,1,150,1,1
7.3,0.33,0.47,2.1,0.077,5,11,0.9958,3.33,0.53,10.3,1,151,1,2
7.5,0.6,0.03,1.8,0.095,25,99,0.995,3.35,0.54,10.1,1,153,1,0
7.5,0.6,0.03,1.8,0.095,25,99,0.995,3.35,0.54,10.1,1,154,1,2
7.1,0.43,0.42,5.5,0.07,29,129,0.9973,3.42,0.72,10.5,1,155,1,0
7.1,0.43,0.42,5.5,0.071,28,128,0.9973,3.42,0.71,10.5,1,158,1,1
7.6,0.95,0.03,2,0.09,7,20,0.9959,3.2,0.56,9.6,1,161,1,1
7.6,0.68,0.02,1.3,0.072,9,20,0.9965,3.17,1.08,9.2,0,162,1,0
7.8,0.53,0.04,1.7,0.076,17,31,0.9964,3.33,0.56,10,1,163,1,2
7.4,0.6,0.26,7.3,0.07,36,121,0.9982,3.37,0.49,9.4,1,164,1,2
7.3,0.59,0.26,7.2,0.07,35,121,0.9981,3.37,0.49,9.4,1,165,1,0
7.8,0.63,0.48,1.7,0.1,14,96,0.9961,3.19,0.62,9.5,1,166,1,1
7.3,0.55,0.03,1.6,0.072,17,42,0.9956,3.37,0.48,9,0,168,1,1
6.8,0.63,0.07,2.1,0.089,11,44,0.9953,3.47,0.55,10.4,1,169,1,2
7.5,0.705,0.24,1.8,0.36,15,63,0.9964,3,1.59,9.5,1,170,1,0
8,0.42,0.17,2,0.073,6,18,0.9972,3.29,0.61,9.2,1,172,1,1
8,0.42,0.17,2,0.073,6,18,0.9972,3.29,0.61,9.2,1,173,1,0
7.4,0.62,0.05,1.9,0.068,24,42,0.9961,3.42,0.57,11.5,1,174,1,0
7.3,0.38,0.21,2,0.08,7,35,0.9961,3.33,0.47,9.5,1,175,1,2
6.9,0.5,0.04,1.5,0.085,19,49,0.9958,3.35,0.78,9.5,1,176,1,0
7.3,0.38,0.21,2,0.08,7,35,0.9961,3.33,0.47,9.5,1,177,1,0
7.5,0.52,0.42,2.3,0.087,8,38,0.9972,3.58,0.61,10.5,1,178,1,0
7,0.805,0,2.5,0.068,7,20,0.9969,3.48,0.56,9.6,1,179,1,2
8.8,0.61,0.14,2.4,0.067,10,42,0.9969,3.19,0.59,9.5,1,180,1,0
8.8,0.61,0.14,2.4,0.067,10,42,0.9969,3.19,0.59,9.5,1,181,1,0
8.9,0.61,0.49,2,0.27,23,110,0.9972,3.12,1.02,9.3,1,182,1,1
7.2,0.73,0.02,2.5,0.076,16,42,0.9972,3.44,0.52,9.3,1,183,1,0
6.8,0.61,0.2,1.8,0.077,11,65,0.9971,3.54,0.58,9.3,1,184,1,2
6.7,0.62,0.21,1.9,0.079,8,62,0.997,3.52,0.58,9.3,1,185,1,2
8.9,0.31,0.57,2,0.111,26,85,0.9971,3.26,0.53,9.7,1,186,1,2
7.7,0.705,0.1,2.6,0.084,9,26,0.9976,3.39,0.49,9.7,1,188,1,1
7.9,0.5,0.33,2,0.084,15,143,0.9968,3.2,0.55,9.5,1,189,1,2
7.9,0.49,0.32,1.9,0.082,17,144,0.9968,3.2,0.55,9.5,1,190,1,2
8.2,0.5,0.35,2.9,0.077,21,127,0.9976,3.23,0.62,9.4,1,191,1,2
6.4,0.37,0.25,1.9,0.074,21,49,0.9974,3.57,0.62,9.8,1,192,1,2
7.8,0.59,0.33,2,0.074,24,120,0.9968,3.25,0.54,9.4,1,196,1,0
7.3,0.58,0.3,2.4,0.074,15,55,0.9968,3.46,0.59,10.2,1,197,1,2
6.8,0.5,0.11,1.5,0.075,16,49,0.99545,3.36,0.79,9.5,1,203,1,1
7,0.42,0.35,1.6,0.088,16,39,0.9961,3.34,0.55,9.2,1,204,1,2
7,0.43,0.36,1.6,0.089,14,37,0.99615,3.34,0.56,9.2,1,205,1,0
7.8,0.44,0.28,2.7,0.1,18,95,0.9966,3.22,0.67,9.4,1,209,1,1
9.7,0.53,0.6,2,0.039,5,19,0.99585,3.3,0.86,12.4,1,211,1,2
8,0.725,0.24,2.8,0.083,10,62,0.99685,3.35,0.56,10,1,212,1,1
11.6,0.44,0.64,2.1,0.059,5,15,0.998,3.21,0.67,10.2,1,213,1,2
8.2,0.57,0.26,2.2,0.06,28,65,0.9959,3.3,0.43,10.1,1,214,1,0
7.8,0.735,0.08,2.4,0.092,10,41,0.9974,3.24,0.71,9.8,1,215,1,1
7,0.49,0.49,5.6,0.06,26,121,0.9974,3.34,0.76,10.5,1,216,1,0
8.7,0.625,0.16,2,0.101,13,49,0.9962,3.14,0.57,11,1,217,1,2
8.1,0.725,0.22,2.2,0.072,11,41,0.9967,3.36,0.55,9.1,1,218,1,2
7.5,0.49,0.19,1.9,0.076,10,44,0.9957,3.39,0.54,9.7,1,219,1,0
7.8,0.53,0.33,2.4,0.08,24,144,0.99655,3.3,0.6,9.5,1,220,1,0
7.8,0.34,0.37,2,0.082,24,58,0.9964,3.34,0.59,9.4,1,221,1,1
7.4,0.53,0.26,2,0.101,16,72,0.9957,3.15,0.57,9.4,1,222,1,2
6.8,0.61,0.04,1.5,0.057,5,10,0.99525,3.42,0.6,9.5,1,223,1,0
8.6,0.645,0.25,2,0.083,8,28,0.99815,3.28,0.6,10,1,224,1,2
7.7,0.43,0.25,2.6,0.073,29,63,0.99615,3.37,0.58,10.5,1,226,1,2
8.9,0.59,0.5,2,0.337,27,81,0.9964,3.04,1.61,9.5,1,227,1,1
9,0.82,0.14,2.6,0.089,9,23,0.9984,3.39,0.63,9.8,1,228,1,2
7.7,0.43,0.25,2.6,0.073,29,63,0.99615,3.37,0.58,10.5,1,229,1,2
6.9,0.52,0.25,2.6,0.081,10,37,0.99685,3.46,0.5,11,1,230,1,0
8.5,0.37,0.2,2.8,0.09,18,58,0.998,3.34,0.7,9.6,1,233,1,2
6.9,0.52,0.25,2.6,0.081,10,37,0.99685,3.46,0.5,11,1,234,1,2
8.2,1,0.09,2.3,0.065,7,37,0.99685,3.32,0.55,9,1,235,1,2
7.2,0.63,0,1.9,0.097,14,38,0.99675,3.37,0.58,9,1,236,1,2
7.2,0.63,0,1.9,0.097,14,38,0.99675,3.37,0.58,9,1,237,1,1
7.2,0.63,0,1.9,0.097,14,38,0.99675,3.37,0.58,9,1,239,1,1
8.2,1,0.09,2.3,0.065,7,37,0.99685,3.32,0.55,9,1,240,1,0
8.9,0.635,0.37,1.7,0.263,5,62,0.9971,3,1.09,9.3,1,241,1,1
12,0.38,0.56,2.1,0.093,6,24,0.99925,3.14,0.71,10.9,1,242,1,2
7.7,0.58,0.1,1.8,0.102,28,109,0.99565,3.08,0.49,9.8,1,243,1,1
7.3,0.66,0,2,0.084,6,23,0.9983,3.61,0.96,9.9,1,246,1,2
8.2,0.6,0.17,2.3,0.072,11,73,0.9963,3.2,0.45,9.3,1,248,1,2
7.7,0.53,0.06,1.7,0.074,9,39,0.99615,3.35,0.48,9.8,1,249,1,2
7.3,0.66,0,2,0.084,6,23,0.9983,3.61,0.96,9.9,1,250,1,0
10.8,0.32,0.44,1.6,0.063,16,37,0.9985,3.22,0.78,10,1,251,1,1
7.1,0.6,0,1.8,0.074,16,34,0.9972,3.47,0.7,9.9,1,252,1,1
11.1,0.35,0.48,3.1,0.09,5,21,0.9986,3.17,0.53,10.5,1,253,1,2
7.1,0.6,0,1.8,0.074,16,34,0.9972,3.47,0.7,9.9,1,255,1,1
8,0.57,0.23,3.2,0.073,17,119,0.99675,3.26,0.57,9.3,1,256,1,0
9.4,0.34,0.37,2.2,0.075,5,13,0.998,3.22,0.62,9.2,1,257,1,2
6.6,0.695,0,2.1,0.075,12,56,0.9968,3.49,0.67,9.2,1,258,1,0
7.7,0.41,0.76,1.8,0.611,8,45,0.9968,3.06,1.26,9.4,1,259,1,1
7.9,0.33,0.23,1.7,0.077,18,45,0.99625,3.29,0.65,9.3,1,261,1,2
7,0.975,0.04,2,0.087,12,67,0.99565,3.35,0.6,9.4,0,262,1,0
8,0.52,0.03,1.7,0.07,10,35,0.99575,3.34,0.57,10,1,263,1,0
7.9,0.37,0.23,1.8,0.077,23,49,0.9963,3.28,0.67,9.3,1,264,1,1
12.5,0.56,0.49,2.4,0.064,5,27,0.9999,3.08,0.87,10.9,1,265,1,1
6.9,0.54,0.04,3,0.077,7,27,0.9987,3.69,0.91,9.4,1,269,1,2
7.9,0.545,0.06,4,0.087,27,61,0.9965,3.36,0.67,10.7,1,271,1,0
11.5,0.18,0.51,4,0.104,4,23,0.9996,3.28,0.97,10.1,1,272,1,1
10.9,0.37,0.58,4,0.071,17,65,0.99935,3.22,0.78,10.1,1,273,1,1
7.5,0.65,0.18,7,0.088,27,94,0.99915,3.38,0.77,9.4,1,275,1,2
7.9,0.545,0.06,4,0.087,27,61,0.9965,3.36,0.67,10.7,1,276,1,2
6.9,0.54,0.04,3,0.077,7,27,0.9987,3.69,0.91,9.4,1,277,1,1
11.5,0.18,0.51,4,0.104,4,23,0.9996,3.28,0.97,10.1,1,278,1,0
7.6,0.52,0.12,3,0.067,12,53,0.9971,3.36,0.57,9.1,1,283,1,1
9.9,0.59,0.07,3.4,0.102,32,71,1.00015,3.31,0.71,9.8,1,285,1,2
12,0.45,0.55,2,0.073,25,49,0.9997,3.1,0.76,10.3,1,287,1,1
7.5,0.4,0.12,3,0.092,29,53,0.9967,3.37,0.7,10.3,1,288,1,2
11,0.2,0.48,2,0.343,6,18,0.9979,3.3,0.71,10.5,1,292,1,0
10.4,0.55,0.23,2.7,0.091,18,48,0.9994,3.22,0.64,10.3,1,293,1,1
6.9,0.36,0.25,2.4,0.098,5,16,0.9964,3.41,0.6,10.1,1,294,1,2
13.3,0.34,0.52,3.2,0.094,17,53,1.0014,3.05,0.81,9.5,1,295,1,2
10.8,0.5,0.46,2.5,0.073,5,27,1.0001,3.05,0.64,9.5,1,296,1,2
10.6,0.83,0.37,2.6,0.086,26,70,0.9981,3.16,0.52,9.9,1,297,1,0
7.1,0.63,0.06,2,0.083,8,29,0.99855,3.67,0.73,9.6,1,298,1,0
6.9,0.67,0.06,2.1,0.08,8,33,0.99845,3.68,0.71,9.6,1,300,1,1
7.5,0.53,0.06,2.6,0.086,20,44,0.9965,3.38,0.59,10.7,1,301,1,0
11.1,0.18,0.48,1.5,0.068,7,15,0.9973,3.22,0.64,10.1,1,302,1,0
8.4,0.65,0.6,2.1,0.112,12,90,0.9973,3.2,0.52,9.2,1,305,1,0
10.3,0.53,0.48,2.5,0.063,6,25,0.9998,3.12,0.59,9.3,1,306,1,0
10.3,0.41,0.42,2.4,0.213,6,14,0.9994,3.19,0.62,9.5,1,308,1,2
10.3,0.43,0.44,2.4,0.214,5,12,0.9994,3.19,0.63,9.5,1,309,1,2
7.4,0.29,0.38,1.7,0.062,9,30,0.9968,3.41,0.53,9.5,1,310,1,1
10.3,0.53,0.48,2.5,0.063,6,25,0.9998,3.12,0.59,9.3,1,311,1,0
7.9,0.53,0.24,2,0.072,15,105,0.996,3.27,0.54,9.4,1,312,1,2
9,0.46,0.31,2.8,0.093,19,98,0.99815,3.32,0.63,9.5,1,313,1,1
7.1,0.35,0.29,2.5,0.096,20,53,0.9962,3.42,0.65,11,1,316,1,0
9.6,0.56,0.23,3.4,0.102,37,92,0.9996,3.3,0.65,10.1,1,317,1,1
9.6,0.77,0.12,2.9,0.082,30,74,0.99865,3.3,0.64,10.4,1,318,1,0
9.3,0.61,0.26,3.4,0.09,25,87,0.99975,3.24,0.62,9.7,1,322,1,2
7.8,0.62,0.05,2.3,0.079,6,18,0.99735,3.29,0.63,9.3,1,323,1,2
10.3,0.59,0.42,2.8,0.09,35,73,0.999,3.28,0.7,9.5,1,324,1,2
10,0.49,0.2,11,0.071,13,50,1.0015,3.16,0.69,9.2,1,325,1,1
10,0.49,0.2,11,0.071,13,50,1.0015,3.16,0.69,9.2,1,326,1,1
10.3,0.44,0.5,4.5,0.107,5,13,0.998,3.28,0.83,11.5,1,328,1,0
13.4,0.27,0.62,2.6,0.082,6,21,1.0002,3.16,0.67,9.7,1,329,1,1
10.7,0.46,0.39,2,0.061,7,15,0.9981,3.18,0.62,9.5,1,330,1,0
10.2,0.36,0.64,2.9,0.122,10,41,0.998,3.23,0.66,12.5,1,331,1,2
10.2,0.36,0.64,2.9,0.122,10,41,0.998,3.23,0.66,12.5,1,332,1,0
8.9,0.43,0.45,1.9,0.052,6,16,0.9948,3.35,0.7,12.5,1,337,1,1
7.8,0.43,0.32,2.8,0.08,29,58,0.9974,3.31,0.64,10.3,1,338,1,2
12.4,0.49,0.58,3,0.103,28,99,1.0008,3.16,1,11.5,1,339,1,1
12.2,0.34,0.5,2.4,0.066,10,21,1,3.12,1.18,9.2,1,341,1,1
10.6,0.42,0.48,2.7,0.065,5,18,0.9972,3.21,0.87,11.3,1,342,1,2
10.9,0.39,0.47,1.8,0.118,6,14,0.9982,3.3,0.75,9.8,1,344,1,1
13.8,0.49,0.67,3,0.093,6,15,0.9986,3.02,0.93,12,1,348,1,2
9.6,0.56,0.31,2.8,0.089,15,46,0.9979,3.11,0.92,10,1,349,1,1
9.1,0.785,0,2.6,0.093,11,28,0.9994,3.36,0.86,9.4,1,350,1,0
9.1,0.795,0,2.6,0.096,11,26,0.9994,3.35,0.83,9.4,1,352,1,1
7.7,0.665,0,2.4,0.09,8,19,0.9974,3.27,0.73,9.3,1,353,1,0
13.5,0.53,0.79,4.8,0.12,23,77,1.0018,3.18,0.77,13,1,354,1,2
6.7,0.75,0.01,2.4,0.078,17,32,0.9955,3.55,0.61,12.8,1,356,1,1
11.5,0.41,0.52,3,0.08,29,55,1.0001,3.26,0.88,11,1,357,1,2
12.6,0.38,0.66,2.6,0.088,10,41,1.001,3.17,0.68,9.8,1,360,1,0
8.2,0.7,0.23,2,0.099,14,81,0.9973,3.19,0.7,9.4,1,361,1,0
8.6,0.45,0.31,2.6,0.086,21,50,0.9982,3.37,0.91,9.9,1,362,1,2
11.9,0.58,0.66,2.5,0.072,6,37,0.9992,3.05,0.56,10,1,363,1,2
12.5,0.46,0.63,2,0.071,6,15,0.9988,2.99,0.87,10.2,1,364,1,0
10.4,0.575,0.61,2.6,0.076,11,24,1,3.16,0.69,9,1,368,1,2
10.3,0.34,0.52,2.8,0.159,15,75,0.9998,3.18,0.64,9.4,1,369,1,0
6.9,0.765,0.02,2.3,0.063,35,63,0.9975,3.57,0.78,9.9,1,371,1,1
7.9,0.24,0.4,1.6,0.056,11,25,0.9967,3.32,0.87,8.7,1,372,1,2
9.1,0.28,0.48,1.8,0.067,26,46,0.9967,3.32,1.04,10.6,1,373,1,0
7.4,0.55,0.22,2.2,0.106,12,72,0.9959,3.05,0.63,9.2,1,374,1,0
14,0.41,0.63,3.8,0.089,6,47,1.0014,3.01,0.81,10.8,1,375,1,0
11.5,0.45,0.5,3,0.078,19,47,1.0003,3.26,1.11,11,1,377,1,0
11.4,0.625,0.66,6.2,0.088,6,24,0.9988,3.11,0.99,13.3,1,379,1,0
8.3,0.42,0.38,2.5,0.094,24,60,0.9979,3.31,0.7,10.8,1,380,1,2
8.3,0.26,0.42,2,0.08,11,27,0.9974,3.21,0.8,9.4,1,381,1,0
13.7,0.415,0.68,2.9,0.085,17,43,1.0014,3.06,0.8,10,1,382,1,2
8.3,0.26,0.42,2,0.08,11,27,0.9974,3.21,0.8,9.4,1,384,1,1
7.4,0.63,0.07,2.4,0.09,11,37,0.9979,3.43,0.76,9.7,1,386,1,1
7.8,0.54,0.26,2,0.088,23,48,0.9981,3.41,0.74,9.2,1,387,1,1
8.3,0.66,0.15,1.9,0.079,17,42,0.9972,3.31,0.54,9.6,1,388,1,2
7.8,0.46,0.26,1.9,0.088,23,53,0.9981,3.43,0.74,9.2,1,389,1,2
13.7,0.415,0.68,2.9,0.085,17,43,1.0014,3.06,0.8,10,1,392,1,2
8.4,0.665,0.61,2,0.112,13,95,0.997,3.16,0.54,9.1,1,394,1,0
12.7,0.6,0.65,2.3,0.063,6,25,0.9997,3.03,0.57,9.9,1,395,1,0
6.6,0.735,0.02,7.9,0.122,68,124,0.9994,3.47,0.53,9.9,1,397,1,2
11.5,0.59,0.59,2.6,0.087,13,49,0.9988,3.18,0.65,11,1,398,1,0
8.7,0.765,0.22,2.3,0.064,9,42,0.9963,3.1,0.55,9.4,1,400,1,1
12.2,0.48,0.54,2.6,0.085,19,64,1,3.1,0.61,10.5,1,403,1,1
11.4,0.6,0.49,2.7,0.085,10,41,0.9994,3.15,0.63,10.5,1,404,1,1
7.7,0.69,0.05,2.7,0.075,15,27,0.9974,3.26,0.61,9.1,1,405,1,0
8.7,0.31,0.46,1.4,0.059,11,25,0.9966,3.36,0.76,10.1,1,406,1,1
10.4,0.34,0.58,3.7,0.174,6,16,0.997,3.19,0.7,11.3,1,409,1,1
12.5,0.46,0.49,4.5,0.07,26,49,0.9981,3.05,0.57,9.6,0,410,1,2
9.1,0.45,0.35,2.4,0.08,23,78,0.9987,3.38,0.62,9.5,1,412,1,2
8.8,0.52,0.34,2.7,0.087,24,122,0.9982,3.26,0.61,9.5,1,415,1,0
8.6,0.725,0.24,6.6,0.117,31,134,1.0014,3.32,1.07,9.3,1,416,1,1
10.6,0.48,0.64,2.2,0.111,6,20,0.997,3.26,0.66,11.7,1,417,1,2
11.9,0.38,0.51,2,0.121,7,20,0.9996,3.24,0.76,10.4,1,419,1,2
6.8,0.77,0,1.8,0.066,34,52,0.9976,3.62,0.68,9.9,1,420,1,2
7.7,0.96,0.2,2,0.047,15,60,0.9955,3.36,0.44,10.9,1,425,1,1
6.4,0.67,0.08,2.1,0.045,19,48,0.9949,3.49,0.49,11.4,1,427,1,0
9.5,0.78,0.22,1.9,0.077,6,32,0.9988,3.26,0.56,10.6,1,428,1,2
9.1,0.52,0.33,1.3,0.07,9,30,0.9978,3.24,0.6,9.3,1,429,1,2
12.8,0.84,0.63,2.4,0.088,13,35,0.9997,3.1,0.6,10.4,1,430,1,1
7.8,0.55,0.35,2.2,0.074,21,66,0.9974,3.25,0.56,9.2,1,432,1,2
11.9,0.37,0.69,2.3,0.078,12,24,0.9958,3,0.65,12.8,1,433,1,2
12.3,0.39,0.63,2.3,0.091,6,18,1.0004,3.16,0.49,9.5,1,434,1,1
10.4,0.41,0.55,3.2,0.076,22,54,0.9996,3.15,0.89,9.9,1,435,1,1
12.3,0.39,0.63,2.3,0.091,6,18,1.0004,3.16,0.49,9.5,1,436,1,1
8,0.67,0.3,2,0.06,38,62,0.9958,3.26,0.56,10.2,1,437,1,0
11.1,0.45,0.73,3.2,0.066,6,22,0.9986,3.17,0.66,11.2,1,438,1,1
10.4,0.41,0.55,3.2,0.076,22,54,0.9996,3.15,0.89,9.9,1,439,1,2
7,0.62,0.18,1.5,0.062,7,50,0.9951,3.08,0.6,9.3,1,440,1,1
11.9,0.4,0.65,2.15,0.068,7,27,0.9988,3.06,0.68,11.3,1,442,1,1
9.5,0.735,0.1,2.1,0.079,6,31,0.9986,3.23,0.56,10.1,1,446,1,2
12.5,0.38,0.6,2.6,0.081,31,72,0.9996,3.1,0.73,10.5,1,447,1,2
11.9,0.39,0.69,2.8,0.095,17,35,0.9994,3.1,0.61,10.8,1,450,1,1
11.9,0.39,0.69,2.8,0.095,17,35,0.9994,3.1,0.61,10.8,1,451,1,0
8.4,0.37,0.53,1.8,0.413,9,26,0.9979,3.06,1.06,9.1,1,452,1,1
7,0.23,0.4,1.6,0.063,21,67,0.9952,3.5,0.63,11.1,1,455,1,1
8.9,0.59,0.39,2.3,0.095,5,22,0.9986,3.37,0.58,10.3,1,457,1,0
9.2,0.63,0.21,2.7,0.097,29,65,0.9988,3.28,0.58,9.6,1,458,1,0
9.2,0.43,0.52,2.3,0.083,14,23,0.9976,3.35,0.61,11.3,1,461,1,2
11,0.26,0.68,2.55,0.085,10,25,0.997,3.18,0.61,11.8,1,463,1,0
8.1,0.66,0.7,2.2,0.098,25,129,0.9972,3.08,0.53,9,1,464,1,0
11.5,0.315,0.54,2.1,0.084,5,15,0.9987,2.98,0.7,9.2,1,465,1,2
10,0.29,0.4,2.9,0.098,10,26,1.0006,3.48,0.91,9.7,1,466,1,0
10.3,0.5,0.42,2,0.069,21,51,0.9982,3.16,0.72,11.5,1,467,1,1
8.8,0.46,0.45,2.6,0.065,7,18,0.9947,3.32,0.79,14,1,468,1,1
8.7,0.82,0.02,1.2,0.07,36,48,0.9952,3.2,0.58,9.8,1,470,1,1
9.6,0.54,0.42,2.4,0.081,25,52,0.997,3.2,0.71,11.4,1,472,1,2
9.9,0.35,0.55,2.1,0.062,5,14,0.9971,3.26,0.79,10.6,1,474,1,0
10.5,0.28,0.51,1.7,0.08,10,24,0.9982,3.2,0.89,9.4,1,475,1,2
9.6,0.68,0.24,2.2,0.087,5,28,0.9988,3.14,0.6,10.2,1,476,1,2
10.4,0.24,0.49,1.8,0.075,6,20,0.9977,3.18,1.06,11,1,478,1,0
9.6,0.68,0.24,2.2,0.087,5,28,0.9988,3.14,0.6,10.2,1,479,1,0
10.6,0.36,0.59,2.2,0.152,6,18,0.9986,3.04,1.05,9.4,1,483,1,0
10.6,0.36,0.6,2.2,0.152,7,18,0.9986,3.04,1.06,9.4,1,484,1,1
10.6,0.44,0.68,4.1,0.114,6,24,0.997,3.06,0.66,13.4,1,485,1,2
10.2,0.67,0.39,1.9,0.054,6,17,0.9976,3.17,0.47,10,1,486,1,2
10.2,0.67,0.39,1.9,0.054,6,17,0.9976,3.17,0.47,10,1,487,1,2
10.2,0.645,0.36,1.8,0.053,5,14,0.9982,3.17,0.42,10,1,488,1,2
9.3,0.39,0.4,2.6,0.073,10,26,0.9984,3.34,0.75,10.2,1,490,1,0
9.3,0.775,0.27,2.8,0.078,24,56,0.9984,3.31,0.67,10.6,1,491,1,0
6.5,0.39,0.23,8.3,0.051,28,91,0.9952,3.44,0.55,12.1,1,495,1,1
7.8,0.52,0.25,1.9,0.081,14,38,0.9984,3.43,0.65,9,1,497,1,0
7.2,0.34,0.32,2.5,0.09,43,113,0.9966,3.32,0.79,11.1,1,498,1,2
8.7,0.69,0.31,3,0.086,23,81,1.0002,3.48,0.74,11.6,1,500,1,1
7.8,0.52,0.25,1.9,0.081,14,38,0.9984,3.43,0.65,9,1,501,1,2
11.2,0.67,0.55,2.3,0.084,6,13,1,3.17,0.71,9.5,1,508,1,0
10,0.59,0.31,2.2,0.09,26,62,0.9994,3.18,0.63,10.2,1,509,1,2
12.4,0.42,0.49,4.6,0.073,19,43,0.9978,3.02,0.61,9.5,1,511,1,0
10,0.59,0.31,2.2,0.09,26,62,0.9994,3.18,0.63,10.2,1,512,1,1
10.7,0.4,0.48,2.1,0.125,15,49,0.998,3.03,0.81,9.7,1,513,1,1
8.5,0.655,0.49,6.1,0.122,34,151,1.001,3.31,1.14,9.3,1,516,1,1
10.4,0.61,0.49,2.1,0.2,5,16,0.9994,3.16,0.63,8.4,0,518,1,0
10.9,0.21,0.49,2.8,0.088,11,32,0.9972,3.22,0.68,11.7,1,519,1,1
7.3,0.365,0.49,2.5,0.088,39,106,0.9966,3.36,0.78,11,1,520,1,0
9.8,0.25,0.49,2.7,0.088,15,33,0.9982,3.42,0.9,10,1,521,1,1
7.6,0.41,0.49,2,0.088,16,43,0.998,3.48,0.64,9.1,1,522,1,2
8.2,0.39,0.49,2.3,0.099,47,133,0.9979,3.38,0.99,9.8,1,523,1,1
9.3,0.4,0.49,2.5,0.085,38,142,0.9978,3.22,0.55,9.4,1,524,1,2
9.2,0.43,0.49,2.4,0.086,23,116,0.9976,3.23,0.64,9.5,1,525,1,2
10.4,0.64,0.24,2.8,0.105,29,53,0.9998,3.24,0.67,9.9,1,526,1,0
7.3,0.365,0.49,2.5,0.088,39,106,0.9966,3.36,0.78,11,1,527,1,0
7,0.38,0.49,2.5,0.097,33,85,0.9962,3.39,0.77,11.4,1,528,1,0
8.2,0.42,0.49,2.6,0.084,32,55,0.9988,3.34,0.75,8.7,1,529,1,2
9.9,0.63,0.24,2.4,0.077,6,33,0.9974,3.09,0.57,9.4,1,530,1,1
9.1,0.22,0.24,2.1,0.078,1,28,0.999,3.41,0.87,10.3,1,531,1,1
11.9,0.38,0.49,2.7,0.098,12,42,1.0004,3.16,0.61,10.3,1,532,1,2
11.9,0.38,0.49,2.7,0.098,12,42,1.0004,3.16,0.61,10.3,1,533,1,1
10.3,0.27,0.24,2.1,0.072,15,33,0.9956,3.22,0.66,12.8,1,534,1,1
10,0.48,0.24,2.7,0.102,13,32,1,3.28,0.56,10,1,535,1,1
9.1,0.22,0.24,2.1,0.078,1,28,0.999,3.41,0.87,10.3,1,536,1,0
9.9,0.63,0.24,2.4,0.077,6,33,0.9974,3.09,0.57,9.4,1,537,1,1
8.1,0.825,0.24,2.1,0.084,5,13,0.9972,3.37,0.77,10.7,1,538,1,0
11.2,0.5,0.74,5.15,0.1,5,17,0.9996,3.22,0.62,11.2,1,540,1,2
9.2,0.59,0.24,3.3,0.101,20,47,0.9988,3.26,0.67,9.6,1,541,1,1
9.5,0.46,0.49,6.3,0.064,5,17,0.9988,3.21,0.73,11,1,542,1,2
9.3,0.715,0.24,2.1,0.07,5,20,0.9966,3.12,0.59,9.9,1,543,1,1
14.3,0.31,0.74,1.8,0.075,6,15,1.0008,2.86,0.79,8.4,1,545,1,2
9.1,0.47,0.49,2.6,0.094,38,106,0.9982,3.08,0.59,9.1,1,546,1,2
7.5,0.55,0.24,2,0.078,10,28,0.9983,3.45,0.78,9.5,1,547,1,0
10.6,0.31,0.49,2.5,0.067,6,21,0.9987,3.26,0.86,10.7,1,548,1,1
12.4,0.35,0.49,2.6,0.079,27,69,0.9994,3.12,0.75,10.4,1,549,1,2
9,0.53,0.49,1.9,0.171,6,25,0.9975,3.27,0.61,9.4,1,550,1,2
9.4,0.43,0.24,2.8,0.092,14,45,0.998,3.19,0.73,10,1,552,1,1
9.5,0.46,0.24,2.7,0.092,14,44,0.998,3.12,0.74,10,1,553,1,0
5,1.04,0.24,1.6,0.05,32,96,0.9934,3.74,0.62,11.5,1,554,1,0
15.5,0.645,0.49,4.2,0.095,10,23,1.00315,2.92,0.74,11.1,1,555,1,0
15.5,0.645,0.49,4.2,0.095,10,23,1.00315,2.92,0.74,11.1,1,556,1,2
10.9,0.53,0.49,4.6,0.118,10,17,1.0002,3.07,0.56,11.7,1,557,1,2
15.6,0.645,0.49,4.2,0.095,10,23,1.00315,2.92,0.74,11.1,1,558,1,2
10.9,0.53,0.49,4.6,0.118,10,17,1.0002,3.07,0.56,11.7,1,559,1,1
13,0.47,0.49,4.3,0.085,6,47,1.0021,3.3,0.68,12.7,1,560,1,0
12.7,0.6,0.49,2.8,0.075,5,19,0.9994,3.14,0.57,11.4,1,561,1,0
9,0.54,0.49,2.9,0.094,41,110,0.9982,3.08,0.61,9.2,1,563,1,1
7.6,0.29,0.49,2.7,0.092,25,60,0.9971,3.31,0.61,10.1,1,564,1,1
13,0.47,0.49,4.3,0.085,6,47,1.0021,3.3,0.68,12.7,1,565,1,1
12.7,0.6,0.49,2.8,0.075,5,19,0.9994,3.14,0.57,11.4,1,566,1,0
8.7,0.7,0.24,2.5,0.226,5,15,0.9991,3.32,0.6,9,1,567,1,2
8.7,0.7,0.24,2.5,0.226,5,15,0.9991,3.32,0.6,9,1,568,1,2
6.2,0.36,0.24,2.2,0.095,19,42,0.9946,3.57,0.57,11.7,1,572,1,2
10.2,0.24,0.49,2.4,0.075,10,28,0.9978,3.14,0.61,10.4,1,573,1,2
10.6,0.34,0.49,3.2,0.078,20,78,0.9992,3.19,0.7,10,1,575,1,1
12.3,0.27,0.49,3.1,0.079,28,46,0.9993,3.2,0.8,10.2,1,576,1,1
9.9,0.5,0.24,2.3,0.103,6,14,0.9978,3.34,0.52,10,0,577,1,2
8.8,0.44,0.49,2.8,0.083,18,111,0.9982,3.3,0.6,9.5,1,578,1,1
8.8,0.47,0.49,2.9,0.085,17,110,0.9982,3.29,0.6,9.8,1,579,1,1
12.3,0.5,0.49,2.2,0.089,5,14,1.0002,3.19,0.44,9.6,1,581,1,1
12.3,0.5,0.49,2.2,0.089,5,14,1.0002,3.19,0.44,9.6,1,582,1,2
11.7,0.49,0.49,2.2,0.083,5,15,1,3.19,0.43,9.2,1,583,1,2
7.3,0.73,0.24,1.9,0.108,18,102,0.9967,3.26,0.59,9.3,1,588,1,0
9,0.45,0.49,2.6,0.084,21,75,0.9987,3.35,0.57,9.7,1,591,1,2
6.6,0.39,0.49,1.7,0.07,23,149,0.9922,3.12,0.5,11.5,1,592,1,0
9,0.45,0.49,2.6,0.084,21,75,0.9987,3.35,0.57,9.7,1,593,1,0
9.9,0.49,0.58,3.5,0.094,9,43,1.0004,3.29,0.58,9,1,594,1,0
7.9,0.72,0.17,2.6,0.096,20,38,0.9978,3.4,0.53,9.5,1,595,1,0
8.9,0.595,0.41,7.9,0.086,30,109,0.9998,3.27,0.57,9.3,1,596,1,2
11.9,0.58,0.58,1.9,0.071,5,18,0.998,3.09,0.63,10,1,598,1,0
8.5,0.585,0.18,2.1,0.078,5,30,0.9967,3.2,0.48,9.8,1,599,1,2
12.7,0.59,0.45,2.3,0.082,11,22,1,3,0.7,9.3,1,600,1,0
8.2,0.915,0.27,2.1,0.088,7,23,0.9962,3.26,0.47,10,0,601,1,1
7.7,0.835,0,2.6,0.081,6,14,0.9975,3.3,0.52,9.3,1,603,1,1
13.2,0.46,0.52,2.2,0.071,12,35,1.0006,3.1,0.56,9,1,604,1,2
8.3,0.58,0.13,2.9,0.096,14,63,0.9984,3.17,0.62,9.1,1,605,1,1
8.3,0.6,0.13,2.6,0.085,6,24,0.9984,3.31,0.59,9.2,1,606,1,0
8.8,0.48,0.41,3.3,0.092,26,52,0.9982,3.31,0.53,10.5,1,608,1,0
10.1,0.65,0.37,5.1,0.11,11,65,1.0026,3.32,0.64,10.4,1,609,1,0
6.3,0.36,0.19,3.2,0.075,15,39,0.9956,3.56,0.52,12.7,1,610,1,1
8.8,0.24,0.54,2.5,0.083,25,57,0.9983,3.39,0.54,9.2,1,611,1,2
7.5,0.64,0,2.4,0.077,18,29,0.9965,3.32,0.6,10,1,613,1,2
8.2,0.39,0.38,1.5,0.058,10,29,0.9962,3.26,0.74,9.8,1,614,1,0
9.2,0.755,0.18,2.2,0.148,10,103,0.9969,2.87,1.36,10.2,1,615,1,0
9.6,0.6,0.5,2.3,0.079,28,71,0.9997,3.5,0.57,9.7,1,616,1,0
11.5,0.31,0.51,2.2,0.079,14,28,0.9982,3.03,0.93,9.8,1,618,1,2
11.4,0.46,0.5,2.7,0.122,4,17,1.0006,3.13,0.7,10.2,1,619,1,1
11.3,0.37,0.41,2.3,0.088,6,16,0.9988,3.09,0.8,9.3,1,620,1,0
8.3,0.54,0.24,3.4,0.076,16,112,0.9976,3.27,0.61,9.4,1,621,1,2
8.2,0.56,0.23,3.4,0.078,14,104,0.9976,3.28,0.62,9.4,1,622,1,1
10,0.58,0.22,1.9,0.08,9,32,0.9974,3.13,0.55,9.5,1,623,1,2
7.9,0.51,0.25,2.9,0.077,21,45,0.9974,3.49,0.96,12.1,1,624,1,2
6.8,0.69,0,5.6,0.124,21,58,0.9997,3.46,0.72,10.2,1,625,1,0
6.8,0.69,0,5.6,0.124,21,58,0.9997,3.46,0.72,10.2,1,626,1,2
7.6,0.685,0.23,2.3,0.111,20,84,0.9964,3.21,0.61,9.3,1,630,1,2
10.4,0.28,0.54,2.7,0.105,5,19,0.9988,3.25,0.63,9.5,1,632,1,0
7.6,0.41,0.14,3,0.087,21,43,0.9964,3.32,0.57,10.5,1,633,1,1
7.9,0.35,0.21,1.9,0.073,46,102,0.9964,3.27,0.58,9.5,1,635,1,1
9.6,0.88,0.28,2.4,0.086,30,147,0.9979,3.24,0.53,9.4,1,637,1,2
9.5,0.885,0.27,2.3,0.084,31,145,0.9978,3.24,0.53,9.4,1,638,1,1
9.9,0.54,0.45,2.3,0.071,16,40,0.9991,3.39,0.62,9.4,1,641,1,2
9.5,0.59,0.44,2.3,0.071,21,68,0.9992,3.46,0.63,9.5,1,642,1,2
9.5,0.59,0.44,2.3,0.071,21,68,0.9992,3.46,0.63,9.5,1,644,1,0
9.9,0.54,0.45,2.3,0.071,16,40,0.9991,3.39,0.62,9.4,1,645,1,2
8.3,0.845,0.01,2.2,0.07,5,14,0.9967,3.32,0.58,11,0,648,1,1
6.7,0.42,0.27,8.6,0.068,24,148,0.9948,3.16,0.57,11.3,1,650,1,1
10.7,0.43,0.39,2.2,0.106,8,32,0.9986,2.89,0.5,9.6,1,651,1,1
9.8,0.88,0.25,2.5,0.104,35,155,1.001,3.41,0.67,11.2,1,652,1,2
15.9,0.36,0.65,7.5,0.096,22,71,0.9976,2.98,0.84,14.9,1,653,1,1
9.4,0.33,0.59,2.8,0.079,9,30,0.9976,3.12,0.54,12,1,654,1,0
8.6,0.47,0.47,2.4,0.074,7,29,0.9979,3.08,0.46,9.5,1,655,1,1
9.7,0.55,0.17,2.9,0.087,20,53,1.0004,3.14,0.61,9.4,1,656,1,0
7.2,0.52,0.07,1.4,0.074,5,20,0.9973,3.32,0.81,9.6,1,659,1,1
7.1,0.84,0.02,4.4,0.096,5,13,0.997,3.41,0.57,11,0,660,1,0
7.2,0.52,0.07,1.4,0.074,5,20,0.9973,3.32,0.81,9.6,1,661,1,0
7.5,0.42,0.31,1.6,0.08,15,42,0.9978,3.31,0.64,9,1,662,1,0
7.2,0.57,0.06,1.6,0.076,9,27,0.9972,3.36,0.7,9.6,1,663,1,2
12.1,0.4,0.52,2,0.092,15,54,1,3.03,0.66,10.2,1,665,1,2
9.4,0.59,0.14,2,0.084,25,48,0.9981,3.14,0.56,9.7,1,666,1,0
8.3,0.49,0.36,1.8,0.222,6,16,0.998,3.18,0.6,9.5,1,667,1,0
11.3,0.34,0.45,2,0.082,6,15,0.9988,2.94,0.66,9.2,1,668,1,0
10,0.73,0.43,2.3,0.059,15,31,0.9966,3.15,0.57,11,1,669,1,2
11.3,0.34,0.45,2,0.082,6,15,0.9988,2.94,0.66,9.2,1,670,1,1
8.2,0.73,0.21,1.7,0.074,5,13,0.9968,3.2,0.52,9.5,1,674,1,2
10.8,0.4,0.41,2.2,0.084,7,17,0.9984,3.08,0.67,9.3,1,675,1,1
9.3,0.41,0.39,2.2,0.064,12,31,0.9984,3.26,0.65,10.2,1,676,1,0
10.8,0.4,0.41,2.2,0.084,7,17,0.9984,3.08,0.67,9.3,1,677,1,2
8.3,0.78,0.1,2.6,0.081,45,87,0.9983,3.48,0.53,10,1,679,1,0
13.3,0.43,0.58,1.9,0.07,15,40,1.0004,3.06,0.49,9,1,681,1,0
8,0.45,0.23,2.2,0.094,16,29,0.9962,3.21,0.49,10.2,1,682,1,1
8.5,0.46,0.31,2.25,0.078,32,58,0.998,3.33,0.54,9.8,1,683,1,0
8.1,0.78,0.23,2.6,0.059,5,15,0.997,3.37,0.56,11.3,1,684,1,2
9.8,0.98,0.32,2.3,0.078,35,152,0.998,3.25,0.48,9.4,1,685,1,0
8.1,0.78,0.23,2.6,0.059,5,15,0.997,3.37,0.56,11.3,1,686,1,2
7.1,0.65,0.18,1.8,0.07,13,40,0.997,3.44,0.6,9.1,1,687,1,2
9.1,0.64,0.23,3.1,0.095,13,38,0.9998,3.28,0.59,9.7,1,688,1,0
7.7,0.66,0.04,1.6,0.039,4,9,0.9962,3.4,0.47,9.4,1,689,1,1
8.1,0.38,0.48,1.8,0.157,5,17,0.9976,3.3,1.05,9.4,1,690,1,1
7.4,1.185,0,4.25,0.097,5,14,0.9966,3.63,0.54,10.7,0,691,1,0
9.2,0.92,0.24,2.6,0.087,12,93,0.9998,3.48,0.54,9.8,1,692,1,2
9,0.48,0.32,2.8,0.084,21,122,0.9984,3.32,0.62,9.4,1,694,1,0
9,0.47,0.31,2.7,0.084,24,125,0.9984,3.31,0.61,9.4,1,695,1,1
5.1,0.47,0.02,1.3,0.034,18,44,0.9921,3.9,0.62,12.8,1,696,1,2
7,0.65,0.02,2.1,0.066,8,25,0.9972,3.47,0.67,9.5,1,697,1,1
7,0.65,0.02,2.1,0.066,8,25,0.9972,3.47,0.67,9.5,1,698,1,1
9.4,0.615,0.28,3.2,0.087,18,72,1.0001,3.31,0.53,9.7,1,699,1,2
11.8,0.38,0.55,2.1,0.071,5,19,0.9986,3.11,0.62,10.8,1,700,1,1
10.6,1.02,0.43,2.9,0.076,26,88,0.9984,3.08,0.57,10.1,1,701,1,0
7,0.65,0.02,2.1,0.066,8,25,0.9972,3.47,0.67,9.5,1,702,1,2
7.5,0.38,0.48,2.6,0.073,22,84,0.9972,3.32,0.7,9.6,0,704,1,2
8.4,1.035,0.15,6,0.073,11,54,0.999,3.37,0.49,9.9,1,706,1,2
7,0.78,0.08,2,0.093,10,19,0.9956,3.4,0.47,10,1,707,1,2
7.4,0.49,0.19,3,0.077,16,37,0.9966,3.37,0.51,10.5,1,708,1,2
7.8,0.545,0.12,2.5,0.068,11,35,0.996,3.34,0.61,11.6,1,709,1,0
9.7,0.31,0.47,1.6,0.062,13,33,0.9983,3.27,0.66,10,1,710,1,1
10.6,1.025,0.43,2.8,0.08,21,84,0.9985,3.06,0.57,10.1,1,711,1,2
8.9,0.565,0.34,3,0.093,16,112,0.9998,3.38,0.61,9.5,1,712,1,0
8.7,0.69,0,3.2,0.084,13,33,0.9992,3.36,0.45,9.4,1,713,1,1
8,0.43,0.36,2.3,0.075,10,48,0.9976,3.34,0.46,9.4,1,714,1,1
9.9,0.74,0.28,2.6,0.078,21,77,0.998,3.28,0.51,9.8,1,715,1,2
7.2,0.49,0.18,2.7,0.069,13,34,0.9967,3.29,0.48,9.2,1,716,1,0
8,0.43,0.36,2.3,0.075,10,48,0.9976,3.34,0.46,9.4,1,717,1,0
7.6,0.46,0.11,2.6,0.079,12,49,0.9968,3.21,0.57,10,1,718,1,0
8.4,0.56,0.04,2,0.082,10,22,0.9976,3.22,0.44,9.6,1,719,1,0
7.1,0.66,0,3.9,0.086,17,45,0.9976,3.46,0.54,9.5,1,720,1,0
8.4,0.56,0.04,2,0.082,10,22,0.9976,3.22,0.44,9.6,1,721,1,1
8.9,0.48,0.24,2.85,0.094,35,106,0.9982,3.1,0.53,9.2,1,722,1,2
7.6,0.42,0.08,2.7,0.084,15,48,0.9968,3.21,0.59,10,1,723,1,2
7.1,0.31,0.3,2.2,0.053,36,127,0.9965,2.94,1.62,9.5,1,724,1,2
9,0.66,0.17,3,0.077,5,13,0.9976,3.29,0.55,10.4,1,726,1,0
8.1,0.72,0.09,2.8,0.084,18,49,0.9994,3.43,0.72,11.1,1,727,1,2
6.4,0.57,0.02,1.8,0.067,4,11,0.997,3.46,0.68,9.5,1,729,1,0
6.4,0.865,0.03,3.2,0.071,27,58,0.995,3.61,0.49,12.7,1,730,1,1
9.5,0.55,0.66,2.3,0.387,12,37,0.9982,3.17,0.67,9.6,1,731,1,1
8.9,0.875,0.13,3.45,0.088,4,14,0.9994,3.44,0.52,11.5,1,732,1,2
7.3,0.835,0.03,2.1,0.092,10,19,0.9966,3.39,0.47,9.6,1,733,1,2
7,0.45,0.34,2.7,0.082,16,72,0.998,3.55,0.6,9.5,1,734,1,2
7.7,0.56,0.2,2,0.075,9,39,0.9987,3.48,0.62,9.3,1,735,1,0
7.7,0.965,0.1,2.1,0.112,11,22,0.9963,3.26,0.5,9.5,1,736,1,1
8.2,0.59,0,2.5,0.093,19,58,1.0002,3.5,0.65,9.3,1,738,1,1
9,0.46,0.23,2.8,0.092,28,104,0.9983,3.1,0.56,9.2,1,739,1,1
9,0.69,0,2.4,0.088,19,38,0.999,3.35,0.6,9.3,1,740,1,1
8.3,0.76,0.29,4.2,0.075,12,16,0.9965,3.45,0.68,11.5,1,741,1,1
9.2,0.53,0.24,2.6,0.078,28,139,0.99788,3.21,0.57,9.5,1,742,1,0
6.5,0.615,0,1.9,0.065,9,18,0.9972,3.46,0.65,9.2,1,743,1,1
11.6,0.41,0.58,2.8,0.096,25,101,1.00024,3.13,0.53,10,1,744,1,0
11.1,0.39,0.54,2.7,0.095,21,101,1.0001,3.13,0.51,9.5,1,745,1,0
7.3,0.51,0.18,2.1,0.07,12,28,0.99768,3.52,0.73,9.5,1,746,1,2
8.2,0.34,0.38,2.5,0.08,12,57,0.9978,3.3,0.47,9,1,747,1,1
8.6,0.33,0.4,2.6,0.083,16,68,0.99782,3.3,0.48,9.4,1,748,1,2
7.2,0.5,0.18,2.1,0.071,12,31,0.99761,3.52,0.72,9.6,1,749,1,2
7.3,0.51,0.18,2.1,0.07,12,28,0.99768,3.52,0.73,9.5,1,750,1,1
8.3,0.65,0.1,2.9,0.089,17,40,0.99803,3.29,0.55,9.5,1,752,1,0
8.3,0.65,0.1,2.9,0.089,17,40,0.99803,3.29,0.55,9.5,1,754,1,2
7.8,0.48,0.68,1.7,0.415,14,32,0.99656,3.09,1.06,9.1,1,755,1,0
6.3,0.98,0.01,2,0.057,15,33,0.99488,3.6,0.46,11.2,1,757,1,1
8.1,0.87,0,2.2,0.084,10,31,0.99656,3.25,0.5,9.8,1,758,1,2
8.1,0.87,0,2.2,0.084,10,31,0.99656,3.25,0.5,9.8,1,759,1,0
8.8,0.42,0.21,2.5,0.092,33,88,0.99823,3.19,0.52,9.2,1,760,1,1
9.3,0.655,0.26,2,0.096,5,35,0.99738,3.25,0.42,9.6,1,762,1,2
8.8,0.7,0,1.7,0.069,8,19,0.99701,3.31,0.53,10,1,763,1,1
9.3,0.655,0.26,2,0.096,5,35,0.99738,3.25,0.42,9.6,1,764,1,0
9.1,0.68,0.11,2.8,0.093,11,44,0.99888,3.31,0.55,9.5,1,765,1,0
7.1,0.59,0.02,2.3,0.082,24,94,0.99744,3.55,0.53,9.7,1,769,1,1
7.9,0.72,0.01,1.9,0.076,7,32,0.99668,3.39,0.54,9.6,1,770,1,2
7.1,0.59,0.02,2.3,0.082,24,94,0.99744,3.55,0.53,9.7,1,771,1,1
9.4,0.685,0.26,2.4,0.082,23,143,0.9978,3.28,0.55,9.4,1,772,1,2
9.5,0.57,0.27,2.3,0.082,23,144,0.99782,3.27,0.55,9.4,1,773,1,0
7.9,0.4,0.29,1.8,0.157,1,44,0.9973,3.3,0.92,9.5,1,774,1,2
7.9,0.4,0.3,1.8,0.157,2,45,0.99727,3.31,0.91,9.5,1,775,1,2
6.9,0.765,0.18,2.4,0.243,5.5,48,0.99612,3.4,0.6,10.3,1,777,1,2
6.9,0.635,0.17,2.4,0.241,6,18,0.9961,3.4,0.59,10.3,1,778,1,1
8.3,0.43,0.3,3.4,0.079,7,34,0.99788,3.36,0.61,10.5,1,779,1,1
7.1,0.52,0.03,2.6,0.076,21,92,0.99745,3.5,0.6,9.8,1,780,1,1
6.5,0.46,0.14,2.4,0.114,9,37,0.99732,3.66,0.65,9.8,1,782,1,1
9,0.82,0.05,2.4,0.081,26,96,0.99814,3.36,0.53,10,1,783,1,0
6.5,0.46,0.14,2.4,0.114,9,37,0.99732,3.66,0.65,9.8,1,784,1,0
7.1,0.59,0.01,2.5,0.077,20,85,0.99746,3.55,0.59,9.8,1,785,1,1
9.9,0.35,0.41,2.3,0.083,11,61,0.9982,3.21,0.5,9.5,1,787,1,1
10,0.56,0.24,2.2,0.079,19,58,0.9991,3.18,0.56,10.1,1,788,1,0
10,0.56,0.24,2.2,0.079,19,58,0.9991,3.18,0.56,10.1,1,789,1,1
8.6,0.63,0.17,2.9,0.099,21,119,0.998,3.09,0.52,9.3,1,790,1,2
7.4,0.37,0.43,2.6,0.082,18,82,0.99708,3.33,0.68,9.7,1,791,1,0
8.8,0.64,0.17,2.9,0.084,25,130,0.99818,3.23,0.54,9.6,1,792,1,1
8.7,0.46,0.31,2.5,0.126,24,64,0.99746,3.1,0.74,9.6,1,797,1,1
9.4,0.5,0.34,3.6,0.082,5,14,0.9987,3.29,0.52,10.7,1,799,1,0
9.4,0.5,0.34,3.6,0.082,5,14,0.9987,3.29,0.52,10.7,1,800,1,1
8.6,0.55,0.09,3.3,0.068,8,17,0.99735,3.23,0.44,10,1,802,1,2
7.7,0.56,0.08,2.5,0.114,14,46,0.9971,3.24,0.66,9.6,1,804,1,2
8.4,0.52,0.22,2.7,0.084,4,18,0.99682,3.26,0.57,9.9,1,805,1,1
7.4,0.53,0.12,1.9,0.165,4,12,0.99702,3.26,0.86,9.2,1,809,1,2
7.3,0.49,0.1,2.6,0.068,4,14,0.99562,3.3,0.47,10.5,1,811,1,1
12.9,0.5,0.55,2.8,0.072,7,24,1.00012,3.09,0.68,10.9,1,812,1,2
10.8,0.45,0.33,2.5,0.099,20,38,0.99818,3.24,0.71,10.8,1,816,1,2
9.8,0.51,0.19,3.2,0.081,8,30,0.9984,3.23,0.58,10.5,1,817,1,0
7.1,0.715,0,2.35,0.071,21,47,0.99632,3.29,0.45,9.4,1,819,1,0
9.1,0.66,0.15,3.2,0.097,9,59,0.99976,3.28,0.54,9.6,1,820,1,0
7,0.685,0,1.9,0.099,9,22,0.99606,3.34,0.6,9.7,1,821,1,2
6.7,0.54,0.13,2,0.076,15,36,0.9973,3.61,0.64,9.8,1,824,1,2
7.1,0.48,0.28,2.8,0.068,6,16,0.99682,3.24,0.53,10.3,1,825,1,2
7.1,0.46,0.14,2.8,0.076,15,37,0.99624,3.36,0.49,10.7,1,828,1,1
5.9,0.61,0.08,2.1,0.071,16,24,0.99376,3.56,0.77,11.1,1,830,1,2
5.9,0.61,0.08,2.1,0.071,16,24,0.99376,3.56,0.77,11.1,1,832,1,0
8.8,0.685,0.26,1.6,0.088,16,23,0.99694,3.32,0.47,9.4,1,835,1,1
10.6,0.5,0.45,2.6,0.119,34,68,0.99708,3.23,0.72,10.9,1,843,1,2
7.1,0.685,0.35,2,0.088,9,92,0.9963,3.28,0.62,9.4,1,844,1,1
9.9,0.25,0.46,1.7,0.062,26,42,0.9959,3.18,0.83,10.6,1,845,1,2
6.4,0.64,0.21,1.8,0.081,14,31,0.99689,3.59,0.66,9.8,1,846,1,2
6.4,0.64,0.21,1.8,0.081,14,31,0.99689,3.59,0.66,9.8,1,847,1,1
7.4,0.68,0.16,1.8,0.078,12,39,0.9977,3.5,0.7,9.9,1,848,1,1
6.4,0.64,0.21,1.8,0.081,14,31,0.99689,3.59,0.66,9.8,1,849,1,1
6.4,0.63,0.21,1.6,0.08,12,32,0.99689,3.58,0.66,9.8,1,850,1,1
9.3,0.43,0.44,1.9,0.085,9,22,0.99708,3.28,0.55,9.5,1,852,1,2
8,0.42,0.32,2.5,0.08,26,122,0.99801,3.22,1.07,9.7,1,853,1,0
9.3,0.36,0.39,1.5,0.08,41,55,0.99652,3.47,0.73,10.9,1,854,1,1
9.3,0.36,0.39,1.5,0.08,41,55,0.99652,3.47,0.73,10.9,1,857,1,0
6.8,0.56,0.22,1.8,0.074,15,24,0.99438,3.4,0.82,11.2,1,860,1,1
7.2,0.62,0.06,2.7,0.077,15,85,0.99746,3.51,0.54,9.5,1,861,1,2
7.5,0.42,0.32,2.7,0.067,7,25,0.99628,3.24,0.44,10.4,1,863,1,1
7.2,0.62,0.06,2.5,0.078,17,84,0.99746,3.51,0.53,9.7,1,864,1,1
7.2,0.62,0.06,2.7,0.077,15,85,0.99746,3.51,0.54,9.5,1,865,1,0
7.2,0.635,0.07,2.6,0.077,16,86,0.99748,3.51,0.54,9.7,1,866,1,0
6.8,0.49,0.22,2.3,0.071,13,24,0.99438,3.41,0.83,11.3,1,867,1,1
7.7,0.715,0.01,2.1,0.064,31,43,0.99371,3.41,0.57,11.8,1,871,1,2
6.9,0.56,0.03,1.5,0.086,36,46,0.99522,3.53,0.57,10.6,1,872,1,2
7.7,0.715,0.01,2.1,0.064,31,43,0.99371,3.41,0.57,11.8,1,878,1,2
8.8,0.61,0.19,4,0.094,30,69,0.99787,3.22,0.5,10,1,879,1,1
7.2,0.6,0.04,2.5,0.076,18,88,0.99745,3.53,0.55,9.5,1,880,1,2
9.2,0.56,0.18,1.6,0.078,10,21,0.99576,3.15,0.49,9.9,1,881,1,1
7.6,0.715,0,2.1,0.068,30,35,0.99533,3.48,0.65,11.4,1,882,1,0
8.4,0.31,0.29,3.1,0.194,14,26,0.99536,3.22,0.78,12,1,883,1,1
8.8,0.61,0.19,4,0.094,30,69,0.99787,3.22,0.5,10,1,885,1,0
9,0.8,0.12,2.4,0.083,8,28,0.99836,3.33,0.65,10.4,1,887,1,1
6.8,0.57,0,2.5,0.072,32,64,0.99491,3.43,0.56,11.2,1,889,1,2
10.7,0.9,0.34,6.6,0.112,23,99,1.00289,3.22,0.68,9.3,1,890,1,0
7.2,0.34,0.24,2,0.071,30,52,0.99576,3.44,0.58,10.1,1,891,1,0
7.2,0.66,0.03,2.3,0.078,16,86,0.99743,3.53,0.57,9.7,1,892,1,0
10.1,0.45,0.23,1.9,0.082,10,18,0.99774,3.22,0.65,9.3,1,893,1,2
7.2,0.66,0.03,2.3,0.078,16,86,0.99743,3.53,0.57,9.7,1,894,1,2
7.1,0.59,0.01,2.3,0.08,27,43,0.9955,3.42,0.58,10.7,1,896,1,0
9.2,0.58,0.2,3,0.081,15,115,0.998,3.23,0.59,9.5,1,906,1,2
7.2,0.54,0.27,2.6,0.084,12,78,0.9964,3.39,0.71,11,1,907,1,0
6.1,0.56,0,2.2,0.079,6,9,0.9948,3.59,0.54,11.5,1,908,1,2
7.4,0.52,0.13,2.4,0.078,34,61,0.99528,3.43,0.59,10.8,1,909,1,1
7.3,0.305,0.39,1.2,0.059,7,11,0.99331,3.29,0.52,11.5,1,910,1,2
9.1,0.28,0.46,9,0.114,3,9,0.99901,3.18,0.6,10.9,1,912,1,1
10,0.46,0.44,2.9,0.065,4,8,0.99674,3.33,0.62,12.2,1,913,1,1
7.3,0.305,0.39,1.2,0.059,7,11,0.99331,3.29,0.52,11.5,1,915,1,0
8.6,0.315,0.4,2.2,0.079,3,6,0.99512,3.27,0.67,11.9,1,916,1,1
6.8,0.41,0.31,8.8,0.084,26,45,0.99824,3.38,0.64,10.1,1,918,1,1
8.4,0.36,0.32,2.2,0.081,32,79,0.9964,3.3,0.72,11,1,919,1,0
8.4,0.62,0.12,1.8,0.072,38,46,0.99504,3.38,0.89,11.8,1,920,1,1
9.6,0.41,0.37,2.3,0.091,10,23,0.99786,3.24,0.56,10.5,1,921,1,2
8.4,0.62,0.12,1.8,0.072,38,46,0.99504,3.38,0.89,11.8,1,923,1,0
6.8,0.41,0.31,8.8,0.084,26,45,0.99824,3.38,0.64,10.1,1,924,1,0
8.6,0.47,0.27,2.3,0.055,14,28,0.99516,3.18,0.8,11.2,1,925,1,2
9.4,0.24,0.33,2.3,0.061,52,73,0.99786,3.47,0.9,10.2,1,927,1,0
8.4,0.67,0.19,2.2,0.093,11,75,0.99736,3.2,0.59,9.2,0,928,1,1
8.6,0.47,0.27,2.3,0.055,14,28,0.99516,3.18,0.8,11.2,1,929,1,2
6.6,0.61,0.01,1.9,0.08,8,25,0.99746,3.69,0.73,10.5,1,931,1,2
7.4,0.61,0.01,2,0.074,13,38,0.99748,3.48,0.65,9.8,1,932,1,1
7.6,0.4,0.29,1.9,0.078,29,66,0.9971,3.45,0.59,9.5,1,933,1,1
12,0.63,0.5,1.4,0.071,6,26,0.99791,3.07,0.6,10.4,0,938,1,2
6.2,0.46,0.17,1.6,0.073,7,11,0.99425,3.61,0.54,11.4,1,940,1,1
8.5,0.21,0.52,1.9,0.09,9,23,0.99648,3.36,0.67,10.4,1,956,1,1
9,0.36,0.52,2.1,0.111,5,10,0.99568,3.31,0.62,11.3,1,957,1,1
9.5,0.37,0.52,2,0.088,12,51,0.99613,3.29,0.58,11.1,1,958,1,2
8,0.59,0.05,2,0.089,12,32,0.99735,3.36,0.61,10,1,960,1,0
8.5,0.47,0.27,1.9,0.058,18,38,0.99518,3.16,0.85,11.1,1,961,1,1
7.1,0.56,0.14,1.6,0.078,7,18,0.99592,3.27,0.62,9.3,1,962,1,1
8.8,0.27,0.39,2,0.1,20,27,0.99546,3.15,0.69,11.2,1,964,1,2
8.5,0.47,0.27,1.9,0.058,18,38,0.99518,3.16,0.85,11.1,1,965,1,1
8.3,0.34,0.4,2.4,0.065,24,48,0.99554,3.34,0.86,11,1,966,1,1
8.5,0.66,0.2,2.1,0.097,23,113,0.99733,3.13,0.48,9.2,1,968,1,1
9,0.4,0.43,2.4,0.068,29,46,0.9943,3.2,0.6,12.2,1,969,1,1
6.7,0.56,0.09,2.9,0.079,7,22,0.99669,3.46,0.61,10.2,1,970,1,1
10.4,0.26,0.48,1.9,0.066,6,10,0.99724,3.33,0.87,10.9,1,972,1,0
8.5,0.34,0.44,1.7,0.079,6,12,0.99605,3.52,0.63,10.7,1,974,1,2
7.2,0.41,0.3,2.1,0.083,35,72,0.997,3.44,0.52,9.4,1,976,1,2
7.2,0.41,0.3,2.1,0.083,35,72,0.997,3.44,0.52,9.4,1,977,1,1
8.4,0.59,0.29,2.6,0.109,31,119,0.99801,3.15,0.5,9.1,1,978,1,1
12.2,0.45,0.49,1.4,0.075,3,6,0.9969,3.13,0.63,10.4,1,980,1,2
9.1,0.5,0.3,1.9,0.065,8,17,0.99774,3.32,0.71,10.5,1,981,1,0
7.3,0.52,0.32,2.1,0.07,51,70,0.99418,3.34,0.82,12.9,1,983,1,1
9.1,0.5,0.3,1.9,0.065,8,17,0.99774,3.32,0.71,10.5,1,984,1,2
7.4,0.58,0,2,0.064,7,11,0.99562,3.45,0.58,11.3,1,986,1,0
7.7,0.39,0.12,1.7,0.097,19,27,0.99596,3.16,0.49,9.4,1,991,1,0
7.1,0.34,0.28,2,0.082,31,68,0.99694,3.45,0.48,9.4,1,992,1,2
6.5,0.4,0.1,2,0.076,30,47,0.99554,3.36,0.48,9.4,1,993,1,0
10,0.35,0.45,2.5,0.092,20,88,0.99918,3.15,0.43,9.4,1,995,1,1
8.9,0.84,0.34,1.4,0.05,4,10,0.99554,3.12,0.48,9.1,1,999,1,1
6.4,0.69,0,1.65,0.055,7,12,0.99162,3.47,0.53,12.9,1,1000,1,1
8.9,0.32,0.31,2,0.088,12,19,0.9957,3.17,0.55,10.4,1,1012,1,1
8,0.58,0.16,2,0.12,3,7,0.99454,3.22,0.58,11.2,1,1015,1,1
10.5,0.39,0.46,2.2,0.075,14,27,0.99598,3.06,0.84,11.4,1,1016,1,0
8,0.18,0.37,0.9,0.049,36,109,0.99007,2.89,0.44,12.7,1,1018,1,1
8,0.18,0.37,0.9,0.049,36,109,0.99007,2.89,0.44,12.7,1,1019,1,2
7,0.5,0.14,1.8,0.078,10,23,0.99636,3.53,0.61,10.4,1,1020,1,1
11.3,0.36,0.66,2.4,0.123,3,8,0.99642,3.2,0.53,11.9,1,1021,1,2
7,0.51,0.09,2.1,0.062,4,9,0.99584,3.35,0.54,10.5,1,1023,1,0
7.9,0.31,0.32,1.9,0.066,14,36,0.99364,3.41,0.56,12.6,1,1027,1,2
7.2,0.34,0.21,2.5,0.075,41,68,0.99586,3.37,0.54,10.1,1,1029,1,1
8.1,0.82,0,4.1,0.095,5,14,0.99854,3.36,0.53,9.6,1,1033,1,2
7.5,0.57,0.08,2.6,0.089,14,27,0.99592,3.3,0.59,10.4,1,1034,1,0
8.9,0.5,0.21,2.2,0.088,21,39,0.99692,3.33,0.83,11.1,1,1040,1,1
7.4,0.965,0,2.2,0.088,16,32,0.99756,3.58,0.67,10.2,1,1041,1,2
6.9,0.49,0.19,1.7,0.079,13,26,0.99547,3.38,0.64,9.8,1,1042,1,0
8.9,0.5,0.21,2.2,0.088,21,39,0.99692,3.33,0.83,11.1,1,1043,1,2
6.4,0.39,0.33,3.3,0.046,12,53,0.99294,3.36,0.62,12.2,1,1045,1,2
7.6,0.78,0,1.7,0.076,33,45,0.99612,3.31,0.62,10.7,1,1047,1,0
7.1,0.43,0.17,1.8,0.082,27,51,0.99634,3.49,0.64,10.4,1,1048,1,1
9.3,0.49,0.36,1.7,0.081,3,14,0.99702,3.27,0.78,10.9,1,1049,1,1
9.3,0.5,0.36,1.8,0.084,6,17,0.99704,3.27,0.77,10.8,1,1050,1,1
7.1,0.43,0.17,1.8,0.082,27,51,0.99634,3.49,0.64,10.4,1,1051,1,0
8.5,0.46,0.59,1.4,0.414,16,45,0.99702,3.03,1.34,9.2,1,1052,1,1
5.6,0.605,0.05,2.4,0.073,19,25,0.99258,3.56,0.55,12.9,1,1053,1,0
8.2,0.64,0.27,2,0.095,5,77,0.99747,3.13,0.62,9.1,1,1055,1,1
8.2,0.64,0.27,2,0.095,5,77,0.99747,3.13,0.62,9.1,1,1056,1,0
7.6,0.42,0.25,3.9,0.104,28,90,0.99784,3.15,0.57,9.1,1,1058,1,2
8.2,0.74,0.09,2,0.067,5,10,0.99418,3.28,0.57,11.8,1,1065,1,2
7.7,0.61,0.18,2.4,0.083,6,20,0.9963,3.29,0.6,10.2,1,1066,1,2
8,0.62,0.35,2.8,0.086,28,52,0.997,3.31,0.62,10.8,1,1070,1,1
7.5,0.77,0.2,8.1,0.098,30,92,0.99892,3.2,0.58,9.2,1,1072,1,1
7.2,0.35,0.26,1.8,0.083,33,75,0.9968,3.4,0.58,9.5,1,1073,1,0
8,0.62,0.33,2.7,0.088,16,37,0.9972,3.31,0.58,10.7,1,1074,1,1
9.9,0.32,0.56,2,0.073,3,8,0.99534,3.15,0.73,11.4,1,1077,1,0
8.6,0.37,0.65,6.4,0.08,3,8,0.99817,3.27,0.58,11,1,1078,1,1
8.6,0.37,0.65,6.4,0.08,3,8,0.99817,3.27,0.58,11,1,1079,1,1
10.3,0.27,0.56,1.4,0.047,3,8,0.99471,3.16,0.51,11.8,1,1081,1,1
7.2,0.38,0.3,1.8,0.073,31,70,0.99685,3.42,0.59,9.5,1,1083,1,0
7.2,0.38,0.3,1.8,0.073,31,70,0.99685,3.42,0.59,9.5,1,1085,1,0
7.9,0.19,0.42,1.6,0.057,18,30,0.994,3.29,0.69,11.2,1,1088,1,2
7,0.54,0.09,2,0.081,10,16,0.99479,3.43,0.59,11.5,1,1093,1,2
6.6,0.725,0.09,5.5,0.117,9,17,0.99655,3.35,0.49,10.8,1,1095,1,2
6.6,0.725,0.09,5.5,0.117,9,17,0.99655,3.35,0.49,10.8,1,1097,1,1
8.6,0.52,0.38,1.5,0.096,5,18,0.99666,3.2,0.52,9.4,1,1098,1,1
8.4,0.34,0.42,2.1,0.072,23,36,0.99392,3.11,0.78,12.4,1,1101,1,0
7.4,0.49,0.27,2.1,0.071,14,25,0.99388,3.35,0.63,12,1,1102,1,1
6.1,0.48,0.09,1.7,0.078,18,30,0.99402,3.45,0.54,11.2,1,1103,1,1
7.4,0.49,0.27,2.1,0.071,14,25,0.99388,3.35,0.63,12,1,1104,1,1
6.3,0.57,0.28,2.1,0.048,13,49,0.99374,3.41,0.6,12.8,1,1106,1,0
8.2,0.23,0.42,1.9,0.069,9,17,0.99376,3.21,0.54,12.3,1,1107,1,1
8.1,0.78,0.1,3.3,0.09,4,13,0.99855,3.36,0.49,9.5,1,1109,1,1
10.8,0.47,0.43,2.1,0.171,27,66,0.9982,3.17,0.76,10.8,1,1110,1,1
8.3,0.53,0,1.4,0.07,6,14,0.99593,3.25,0.64,10,1,1111,1,1
7.9,0.33,0.41,1.5,0.056,6,35,0.99396,3.29,0.71,11,1,1113,1,2
8.9,0.24,0.39,1.6,0.074,3,10,0.99698,3.12,0.59,9.5,1,1114,1,0
5,0.4,0.5,4.3,0.046,29,80,0.9902,3.49,0.66,13.6,1,1115,1,0
7,0.69,0.07,2.5,0.091,15,21,0.99572,3.38,0.6,11.3,1,1116,1,1
7,0.69,0.07,2.5,0.091,15,21,0.99572,3.38,0.6,11.3,1,1117,1,0
7,0.69,0.07,2.5,0.091,15,21,0.99572,3.38,0.6,11.3,1,1118,1,0
7.1,0.39,0.12,2.1,0.065,14,24,0.99252,3.3,0.53,13.3,1,1119,1,1
5.6,0.66,0,2.5,0.066,7,15,0.99256,3.52,0.58,12.9,1,1120,1,2
6.3,0.47,0,1.4,0.055,27,33,0.9922,3.45,0.48,12.3,1,1123,1,2
10.7,0.4,0.37,1.9,0.081,17,29,0.99674,3.12,0.65,11.2,1,1124,1,0
6.5,0.58,0,2.2,0.096,3,13,0.99557,3.62,0.62,11.5,0,1125,1,2
5.8,0.29,0.26,1.7,0.063,3,11,0.9915,3.39,0.54,13.5,1,1127,1,0
6.3,0.76,0,2.9,0.072,26,52,0.99379,3.51,0.6,11.5,1,1128,1,1
10,0.43,0.33,2.7,0.095,28,89,0.9984,3.22,0.68,10,1,1129,1,1
10.5,0.43,0.35,3.3,0.092,24,70,0.99798,3.21,0.69,10.5,1,1130,1,2
9.1,0.6,0,1.9,0.058,5,10,0.9977,3.18,0.63,10.4,1,1131,1,0
5.9,0.19,0.21,1.7,0.045,57,135,0.99341,3.32,0.44,9.5,1,1132,1,0
8,0.25,0.43,1.7,0.067,22,50,0.9946,3.38,0.6,11.9,1,1136,1,2
10.4,0.52,0.45,2,0.08,6,13,0.99774,3.22,0.76,11.4,1,1137,1,2
10.4,0.52,0.45,2,0.08,6,13,0.99774,3.22,0.76,11.4,1,1138,1,2
8.2,0.51,0.24,2,0.079,16,86,0.99764,3.34,0.64,9.5,1,1140,1,0
7.3,0.4,0.3,1.7,0.08,33,79,0.9969,3.41,0.65,9.5,1,1141,1,1
8.2,0.38,0.32,2.5,0.08,24,71,0.99624,3.27,0.85,11,1,1142,1,0
6.9,0.45,0.11,2.4,0.043,6,12,0.99354,3.3,0.65,11.4,1,1143,1,1
7,0.22,0.3,1.8,0.065,16,20,0.99672,3.61,0.82,10,1,1144,1,2
8.2,0.2,0.43,2.5,0.076,31,51,0.99672,3.53,0.81,10.4,1,1146,1,2
7.8,0.5,0.12,1.8,0.178,6,21,0.996,3.28,0.87,9.8,1,1147,1,0
7.8,0.39,0.42,2,0.086,9,21,0.99526,3.39,0.66,11.6,1,1149,1,1
10,0.35,0.47,2,0.061,6,11,0.99585,3.23,0.52,12,1,1150,1,1
6.1,0.58,0.23,2.5,0.044,16,70,0.99352,3.46,0.65,12.5,1,1152,1,1
8.3,0.6,0.25,2.2,0.118,9,38,0.99616,3.15,0.53,9.8,1,1153,1,2
6.6,0.58,0,2.2,0.1,50,63,0.99544,3.59,0.68,11.4,1,1155,1,0
6.7,0.41,0.43,2.8,0.076,22,54,0.99572,3.42,1.16,10.6,1,1159,1,2
10.2,0.41,0.43,2.2,0.11,11,37,0.99728000000000006,3.16,0.67,10.8,1,1160,1,1
8.8,0.45,0.43,1.4,0.076,12,21,0.99551,3.21,0.75,10.2,1,1162,1,2
8.5,0.44,0.5,1.9,0.369,15,38,0.99634,3.01,1.1,9.4,1,1166,1,1
9.9,0.54,0.26,2,0.111,7,60,0.99709,2.94,0.98,10.2,1,1167,1,0
6.5,0.34,0.27,2.8,0.067,8,44,0.99384,3.21,0.56,12,1,1169,1,2
7.1,0.59,0,2.2,0.078,26,44,0.99522,3.42,0.68,10.8,1,1172,1,0
9.7,0.42,0.46,2.1,0.074,5,16,0.99649,3.27,0.74,12.3,1,1173,1,2
7.6,0.36,0.31,1.7,0.079,26,65,0.99716,3.46,0.62,9.5,1,1174,1,1
6.5,0.61,0,2.2,0.095,48,59,0.99541,3.61,0.7,11.5,1,1176,1,2
6.5,0.88,0.03,5.6,0.079,23,47,0.99572,3.58,0.5,11.2,0,1177,1,2
5.6,0.915,0,2.1,0.041,17,78,0.99346,3.68,0.73,11.4,1,1179,1,0
8.2,0.35,0.33,2.4,0.076,11,47,0.99599,3.27,0.81,11,1,1180,1,2
8.2,0.35,0.33,2.4,0.076,11,47,0.99599,3.27,0.81,11,1,1181,1,2
10.2,0.4,0.4,2.5,0.068,41,54,0.99754,3.38,0.86,10.5,1,1183,1,1
6.8,0.66,0.07,1.6,0.07,16,61,0.99572,3.29,0.6,9.3,1,1184,1,2
6.7,0.64,0.23,2.1,0.08,11,119,0.99538,3.36,0.7,10.9,1,1185,1,1
7,0.43,0.3,2,0.085,6,39,0.99346,3.33,0.46,11.9,1,1186,1,2
6.6,0.8,0.03,7.8,0.079,6,12,0.9963,3.52,0.5,12.2,1,1187,1,0
7,0.43,0.3,2,0.085,6,39,0.99346,3.33,0.46,11.9,1,1188,1,0
6.7,0.64,0.23,2.1,0.08,11,119,0.99538,3.36,0.7,10.9,1,1189,1,2
6.5,0.885,0,2.3,0.166,6,12,0.99551,3.56,0.51,10.8,1,1192,1,1
6.4,0.885,0,2.3,0.166,6,12,0.99551,3.56,0.51,10.8,1,1194,1,1
7,0.745,0.12,1.8,0.114,15,64,0.99588,3.22,0.59,9.5,1,1195,1,2
7.9,0.58,0.23,2.3,0.076,23,94,0.99686,3.21,0.58,9.5,1,1197,1,0
7.7,0.26,0.26,2,0.052,19,77,0.9951,3.15,0.79,10.9,1,1199,1,1
7.9,0.58,0.23,2.3,0.076,23,94,0.99686,3.21,0.58,9.5,1,1200,1,2
7.7,0.57,0.21,1.5,0.069,4,9,0.99458,3.16,0.54,9.8,1,1201,1,0
9.9,0.72,0.55,1.7,0.136,24,52,0.99752,3.35,0.94,10,1,1208,1,0
6.8,0.65,0.02,2.1,0.078,8,15,0.99498,3.35,0.62,10.4,1,1211,1,0
6.8,0.65,0.02,2.1,0.078,8,15,0.99498,3.35,0.62,10.4,1,1213,1,2
9.6,0.38,0.42,1.9,0.071,5,13,0.99659,3.15,0.75,10.5,1,1214,1,0
10.2,0.33,0.46,1.9,0.081,6,9,0.99628,3.1,0.48,10.4,1,1215,1,2
8.8,0.27,0.46,2.1,0.095,20,29,0.99488,3.26,0.56,11.3,1,1216,1,0
7.9,0.57,0.31,2,0.079,10,79,0.99677,3.29,0.69,9.5,1,1217,1,1
8.2,0.34,0.37,1.9,0.057,43,74,0.99408,3.23,0.81,12,1,1218,1,1
9,0.39,0.4,1.3,0.044,25,50,0.99478,3.2,0.83,10.9,1,1220,1,1
10.9,0.32,0.52,1.8,0.132,17,44,0.99734,3.28,0.77,11.5,1,1221,1,0
10.9,0.32,0.52,1.8,0.132,17,44,0.99734,3.28,0.77,11.5,1,1222,1,2
8.1,0.53,0.22,2.2,0.078,33,89,0.99678,3.26,0.46,9.6,1,1223,1,2
10.5,0.36,0.47,2.2,0.074,9,23,0.99638,3.23,0.76,12,1,1224,1,2
12.6,0.39,0.49,2.5,0.08,8,20,0.9992,3.07,0.82,10.3,1,1225,1,0
9,0.58,0.25,2,0.104,8,21,0.99769,3.27,0.72,9.6,1,1228,1,0
7.6,0.43,0.29,2.1,0.075,19,66,0.99718,3.4,0.64,9.5,1,1230,1,1
7.7,0.18,0.34,2.7,0.066,15,58,0.9947,3.37,0.78,11.8,1,1231,1,0
7.8,0.815,0.01,2.6,0.074,48,90,0.99621,3.38,0.62,10.8,1,1232,1,2
7.6,0.43,0.29,2.1,0.075,19,66,0.99718,3.4,0.64,9.5,1,1233,1,1
10.2,0.23,0.37,2.2,0.057,14,36,0.99614,3.23,0.49,9.3,0,1234,1,0
7.1,0.75,0.01,2.2,0.059,11,18,0.99242,3.39,0.4,12.8,1,1235,1,2
7.8,0.55,0,1.7,0.07,7,17,0.99659,3.26,0.64,9.4,1,1237,1,1
7.1,0.75,0.01,2.2,0.059,11,18,0.99242,3.39,0.4,12.8,1,1238,1,2
6.5,0.67,0,4.3,0.057,11,20,0.99488,3.45,0.56,11.8,0,1240,1,2
7.5,0.61,0.2,1.7,0.076,36,60,0.99494,3.1,0.4,9.3,1,1241,1,2
9.8,0.37,0.39,2.5,0.079,28,65,0.99729,3.16,0.59,9.8,1,1242,1,1
9,0.4,0.41,2,0.058,15,40,0.99414,3.22,0.6,12.2,1,1243,1,1
8.3,0.56,0.22,2.4,0.082,10,86,0.9983,3.37,0.62,9.5,1,1244,1,2
5.9,0.29,0.25,13.4,0.067,72,160,0.99721,3.33,0.54,10.3,1,1245,1,0
7.4,0.55,0.19,1.8,0.082,15,34,0.99655,3.49,0.68,10.5,1,1246,1,2
7.4,0.74,0.07,1.7,0.086,15,48,0.99502,3.12,0.48,10,1,1247,1,1
6.9,0.41,0.33,2.2,0.081,22,36,0.9949,3.41,0.75,11.1,1,1249,1,1
7.1,0.6,0.01,2.3,0.079,24,37,0.99514,3.4,0.61,10.9,1,1250,1,1
7.1,0.6,0.01,2.3,0.079,24,37,0.99514,3.4,0.61,10.9,1,1251,1,1
7.5,0.58,0.14,2.2,0.077,27,60,0.9963,3.28,0.59,9.8,1,1252,1,1
7.1,0.72,0,1.8,0.123,6,14,0.99627,3.45,0.58,9.8,1,1253,1,2
7.9,0.66,0,1.4,0.096,6,13,0.99569,3.43,0.58,9.5,1,1254,1,2
6.1,0.64,0.02,2.4,0.069,26,46,0.99358,3.47,0.45,11,1,1256,1,2
7.5,0.59,0.22,1.8,0.082,43,60,0.99499,3.1,0.42,9.2,1,1257,1,2
6.8,0.64,0,2.7,0.123,15,33,0.99538,3.44,0.63,11.3,1,1259,1,0
9.8,0.45,0.38,2.5,0.081,34,66,0.99726,3.15,0.58,9.8,1,1263,1,2
8.2,0.78,0,2.2,0.089,13,26,0.9978,3.37,0.46,9.6,0,1264,1,2
8.5,0.37,0.32,1.8,0.066,26,51,0.99456,3.38,0.72,11.8,1,1265,1,1
7.2,0.57,0.05,2.3,0.081,16,36,0.99564,3.38,0.6,10.3,1,1266,1,1
7.2,0.57,0.05,2.3,0.081,16,36,0.99564,3.38,0.6,10.3,1,1267,1,0
6.9,0.41,0.31,2,0.079,21,51,0.99668,3.47,0.55,9.5,1,1269,1,1
5,0.38,0.01,1.6,0.048,26,60,0.99084,3.7,0.75,14,1,1271,1,2
7.3,0.44,0.2,1.6,0.049,24,64,0.9935,3.38,0.57,11.7,1,1272,1,0
5.9,0.46,0,1.9,0.077,25,44,0.99385,3.5,0.53,11.2,1,1273,1,1
7.5,0.58,0.2,2,0.073,34,44,0.99494,3.1,0.43,9.3,1,1274,1,2
7.8,0.58,0.13,2.1,0.102,17,36,0.9944,3.24,0.53,11.2,1,1275,1,1
8,0.715,0.22,2.3,0.075,13,81,0.99688,3.24,0.54,9.5,1,1276,1,1
8.5,0.4,0.4,6.3,0.05,3,10,0.99566,3.28,0.56,12,0,1277,1,2
7,0.69,0,1.9,0.114,3,10,0.99636,3.35,0.6,9.7,1,1278,1,2
8,0.715,0.22,2.3,0.075,13,81,0.99688,3.24,0.54,9.5,1,1279,1,0
7.1,0.46,0.2,1.9,0.077,28,54,0.9956,3.37,0.64,10.4,1,1281,1,1
7.1,0.46,0.2,1.9,0.077,28,54,0.9956,3.37,0.64,10.4,1,1282,1,2
8.7,0.63,0.28,2.7,0.096,17,69,0.99734,3.26,0.63,10.2,1,1284,1,2
7,0.42,0.19,2.3,0.071,18,36,0.99476,3.39,0.56,10.9,1,1285,1,0
11.3,0.37,0.5,1.8,0.09,20,47,0.99734,3.15,0.57,10.5,1,1286,1,2
7.1,0.16,0.44,2.5,0.068,17,31,0.99328,3.35,0.54,12.4,1,1287,1,2
8,0.6,0.08,2.6,0.056,3,7,0.99286,3.22,0.37,13,1,1288,1,2
7,0.6,0.3,4.5,0.068,20,110,0.99914,3.3,1.17,10.2,1,1289,1,1
7,0.6,0.3,4.5,0.068,20,110,0.99914,3.3,1.17,10.2,1,1290,1,0
7.6,0.74,0,1.9,0.1,6,12,0.99521,3.36,0.59,11,1,1291,1,2
8.2,0.635,0.1,2.1,0.073,25,60,0.99638,3.29,0.75,10.9,1,1292,1,2
5.9,0.395,0.13,2.4,0.056,14,28,0.99362,3.62,0.67,12.4,1,1293,1,0
8.2,0.635,0.1,2.1,0.073,25,60,0.99638,3.29,0.75,10.9,1,1295,1,2
6.6,0.63,0,4.3,0.093,51,46.42892924232937,0.99558,3.2,0.45,9.5,1,1296,1,1
7.2,0.53,0.14,2.1,0.064,15,29,0.99323,3.35,0.61,12.1,1,1298,1,1
5.7,0.6,0,1.4,0.063,11,18,0.99191,3.45,0.56,12.2,1,1299,1,2
7.6,1.58,0,2.1,0.137,5,9,0.99476,3.5,0.4,10.9,0,1300,1,0
5.2,0.645,0,2.15,0.08,15,28,0.99444,3.78,0.61,12.5,1,1301,1,0
7.6,0.79,0.21,2.3,0.087,21,68,0.9955,3.12,0.44,9.2,1,1305,1,1
7.5,0.61,0.26,1.9,0.073,24,88,0.99612,3.3,0.53,9.8,1,1306,1,1
9.7,0.69,0.32,2.5,0.088,22,91,0.9979,3.29,0.62,10.1,1,1307,1,1
6.8,0.68,0.09,3.9,0.068,15,29,0.99524,3.41,0.52,11.1,0,1308,1,2
9.7,0.69,0.32,2.5,0.088,22,91,0.9979,3.29,0.62,10.1,1,1309,1,1
7,0.62,0.1,1.4,0.071,27,63,0.996,3.28,0.61,9.2,1,1310,1,1
7.5,0.61,0.26,1.9,0.073,24,88,0.99612,3.3,0.53,9.8,1,1311,1,2
6.5,0.51,0.15,3,0.064,12,27,0.9929,3.33,0.59,12.8,1,1312,1,0
8,1.18,0.21,1.9,0.083,14,41,0.99532,3.34,0.47,10.5,1,1313,1,2
7,0.36,0.21,2.4,0.086,24,69,0.99556,3.4,0.53,10.1,1,1315,1,0
5.4,0.74,0,1.2,0.041,16,46,0.99258,4.01,0.59,12.5,1,1317,1,2
9.1,0.76,0.68,1.7,0.414,18,64,0.99652,2.9,1.33,9.1,1,1320,1,2
9.7,0.66,0.34,2.6,0.094,12,88,0.99796,3.26,0.66,10.1,1,1321,1,2
5,0.74,0,1.2,0.041,16,46,0.99258,4.01,0.59,12.5,1,1322,1,1
6.7,0.46,0.24,1.7,0.077,18,34,0.9948,3.39,0.6,10.6,1,1325,1,0
6.7,0.46,0.24,1.7,0.077,18,34,0.9948,3.39,0.6,10.6,1,1326,1,2
6.7,0.46,0.24,1.7,0.077,18,34,0.9948,3.39,0.6,10.6,1,1327,1,1
6.7,0.46,0.24,1.7,0.077,18,34,0.9948,3.39,0.6,10.6,1,1328,1,2
6.5,0.52,0.11,1.8,0.073,13,38,0.9955,3.34,0.52,9.3,1,1329,1,2
7.4,0.6,0.26,2.1,0.083,17,91,0.99616,3.29,0.56,9.8,1,1330,1,2
7.4,0.6,0.26,2.1,0.083,17,91,0.99616,3.29,0.56,9.8,1,1331,1,1
7.8,0.87,0.26,3.8,0.107,31,67,0.99668,3.26,0.46,9.2,1,1332,1,2
9.1,0.775,0.22,2.2,0.079,12,48,0.9976,3.18,0.51,9.6,1,1334,1,1
7.2,0.835,0,2,0.166,4,11,0.99608,3.39,0.52,10,1,1335,1,2
6.6,0.58,0.02,2.4,0.069,19,40,0.99387,3.38,0.66,12.6,1,1336,1,2
6,0.5,0,1.4,0.057,15,26,0.99448,3.36,0.45,9.5,1,1338,1,2
6,0.5,0,1.4,0.057,15,26,0.99448,3.36,0.45,9.5,1,1339,1,1
7.5,0.51,0.02,1.7,0.084,13,31,0.99538,3.36,0.54,10.5,1,1340,1,1
7.5,0.51,0.02,1.7,0.084,13,31,0.99538,3.36,0.54,10.5,1,1342,1,2
7.6,0.54,0.02,1.7,0.085,17,31,0.99589,3.37,0.51,10.4,1,1343,1,1
7.5,0.51,0.02,1.7,0.084,13,31,0.99538,3.36,0.54,10.5,1,1344,1,0
8.2,0.44,0.24,2.3,0.063,10,28,0.99613,3.25,0.53,10.2,1,1346,1,2
6.1,0.59,0.01,2.1,0.056,5,13,0.99472,3.52,0.56,11.4,1,1347,1,1
7.2,0.655,0.03,1.8,0.078,7,12,0.99587,3.34,0.39,9.5,1,1348,1,1
7.2,0.655,0.03,1.8,0.078,7,12,0.99587,3.34,0.39,9.5,1,1349,1,1
6.9,0.57,0,2.8,0.081,21,41,0.99518,3.41,0.52,10.8,1,1350,1,2
9,0.6,0.29,2,0.069,32,73,0.99654,3.34,0.57,10,1,1351,1,2
7.2,0.62,0.01,2.3,0.065,8,46,0.99332,3.32,0.51,11.8,1,1352,1,2
7.6,0.645,0.03,1.9,0.086,14,57,0.9969,3.37,0.46,10.3,1,1353,1,0
7.6,0.645,0.03,1.9,0.086,14,57,0.9969,3.37,0.46,10.3,1,1354,1,1
7.2,0.58,0.03,2.3,0.077,7,28,0.99568,3.35,0.52,10,1,1355,1,0
6.1,0.34,0.25,1.8,0.084,4,28,0.99464,3.36,0.44,10.1,1,1357,1,0
7.3,0.43,0.24,2.5,0.078,27,67,0.99648,3.6,0.59,11.1,1,1358,1,2
7.4,0.64,0.17,5.4,0.168,52,98,0.99736,3.28,0.5,9.5,1,1359,1,2
11.6,0.475,0.4,1.4,0.091,6,28,0.99704,3.07,0.65,10.0333333333333,1,1360,1,0
9.2,0.54,0.31,2.3,0.112,11,38,0.99699,3.24,0.56,10.9,1,1361,1,2
8.3,0.85,0.14,2.5,0.093,13,54,0.99724,3.36,0.54,10.1,1,1362,1,1
11.6,0.475,0.4,1.4,0.091,6,28,0.99704,3.07,0.65,10.0333333333333,1,1363,1,2
7.2,0.605,0.02,1.9,0.096,10,31,0.995,3.46,0.53,11.8,1,1365,1,1
7.3,0.74,0.08,1.7,0.094,10,45,0.99576,3.24,0.5,9.8,1,1367,1,0
6.9,0.54,0.3,2.2,0.088,9,105,0.99725,3.25,1.18,10.5,1,1368,1,1
8,0.77,0.32,2.1,0.079,16,74,0.99656,3.27,0.5,9.8,1,1369,1,0
6.6,0.61,0,1.6,0.069,4,8,0.99396,3.33,0.37,10.4,0,1370,1,2
7.5,0.58,0.56,3.1,0.153,5,14,0.99476,3.21,1.03,11.6,1,1372,1,1
8.7,0.78,0.51,1.7,0.415,12,66,0.99623,3,1.17,9.2,1,1373,1,1
7.7,0.75,0.27,3.8,0.11,34,89,0.99664,3.24,0.45,9.3,1,1374,1,1
6.8,0.815,0,1.2,0.267,16,29,0.99471,3.32,0.51,9.8,0,1375,1,1
8.2,0.885,0.2,1.4,0.086,7,31,0.9946,3.11,0.46,10,1,1377,1,2
5.2,0.49,0.26,2.3,0.09,23,74,0.9953,3.71,0.62,12.2,1,1378,1,1
7.2,0.45,0.15,2,0.078,10,28,0.99609,3.29,0.51,9.9,1,1379,1,0
7.5,0.57,0.02,2.6,0.077,11,35,0.99557,3.36,0.62,10.8,1,1380,1,1
7.5,0.57,0.02,2.6,0.077,11,35,0.99557,3.36,0.62,10.8,1,1381,1,2
6.8,0.83,0.09,1.8,0.074,4,25,0.99534,3.38,0.45,9.6,1,1382,1,2
8,0.6,0.22,2.1,0.08,25,105,0.99613,3.3,0.49,9.9,1,1383,1,2
8,0.6,0.22,2.1,0.08,25,105,0.99613,3.3,0.49,9.9,1,1384,1,2
7.1,0.755,0.15,1.8,0.107,20,84,0.99593,3.19,0.5,9.5,1,1385,1,1
8,0.81,0.25,3.4,0.076,34,85,0.99668,3.19,0.42,9.2,1,1386,1,0
7.4,0.64,0.07,1.8,0.1,8,23,0.9961,3.3,0.58,9.6,1,1387,1,1
7.4,0.64,0.07,1.8,0.1,8,23,0.9961,3.3,0.58,9.6,1,1388,1,0
6.6,0.64,0.31,6.1,0.083,7,49,0.99718,3.35,0.68,10.3,1,1389,1,0
6.7,0.48,0.02,2.2,0.08,36,111,0.99524,3.1,0.53,9.7,1,1390,1,2
6,0.49,0,2.3,0.068,15,33,0.99292,3.58,0.59,12.5,1,1391,1,0
8,0.64,0.22,2.4,0.094,5,33,0.99612,3.37,0.58,11,1,1392,1,1
8,0.52,0.25,2,0.078,19,59,0.99612,3.3,0.48,10.2,1,1394,1,2
6.4,0.57,0.14,3.9,0.07,27,73,0.99669,3.32,0.48,9.2,1,1395,1,1
8.7,0.675,0.1,1.6,0.09,4,11,0.99745,3.31,0.65,9.55,1,1397,1,2
7.3,0.59,0.26,2,0.08,17,104,0.99584,3.28,0.52,9.9,1,1398,1,1
7.2,0.67,0,2.2,0.068,10,24,0.9956,3.42,0.72,11.1,1,1400,1,0
7.9,0.69,0.21,2.1,0.08,33,141,0.9962,3.25,0.51,9.9,1,1402,1,2
7.6,0.3,0.42,2,0.052,6,24,0.9963,3.44,0.82,11.9,1,1403,1,0
8,0.5,0.39,2.6,0.082,12,46,0.9985,3.43,0.62,10.7,1,1405,1,2
8.2,0.24,0.34,5.1,0.062,8,22,0.9974,3.22,0.94,10.9,1,1407,1,0
6,0.51,0,2.1,0.064,40,54,0.995,3.54,0.93,10.7,1,1408,1,0
6,0.51,0,2.1,0.064,40,54,0.995,3.54,0.93,10.7,1,1410,1,0
6.6,0.96,0,1.8,0.082,5,16,0.9936,3.5,0.44,11.9,1,1411,1,2
8.2,0.24,0.34,5.1,0.062,8,22,0.9974,3.22,0.94,10.9,1,1413,1,0
9.9,0.57,0.25,2,0.104,12,89,0.9963,3.04,0.9,10.1,1,1414,1,0
10,0.32,0.59,2.2,0.077,3,15,0.9994,3.2,0.78,9.6,1,1415,1,2
6.2,0.58,0,1.6,0.065,8,18,0.9966,3.56,0.84,9.4,1,1416,1,2
10,0.32,0.59,2.2,0.077,3,15,0.9994,3.2,0.78,9.6,1,1417,1,2
7.8,0.53,0.01,1.6,0.077,3,19,0.995,3.16,0.46,9.8,1,1419,1,0
7.7,0.64,0.21,2.2,0.077,32,133,0.9956,3.27,0.45,9.9,1,1420,1,2
7.5,0.4,0.18,1.6,0.079,24,58,0.9965,3.34,0.58,9.4,1,1422,1,1
7,0.54,0,2.1,0.079,39,55,0.9956,3.39,0.84,11.4,1,1423,1,0
6.4,0.53,0.09,3.9,0.123,14,31,0.9968,3.5,0.67,11,0,1424,1,0
8.3,0.26,0.37,1.4,0.076,8,23,0.9974,3.26,0.7,9.6,1,1425,1,0
8.3,0.26,0.37,1.4,0.076,8,23,0.9974,3.26,0.7,9.6,1,1426,1,2
7.7,0.23,0.37,1.8,0.046,23,60,0.9971,3.41,0.71,12.1,1,1427,1,1
7.6,0.41,0.33,2.5,0.078,6,23,0.9957,3.3,0.58,11.2,1,1428,1,1
7.9,0.18,0.4,2.2,0.049,38,67,0.996,3.33,0.93,11.3,1,1430,1,2
7.6,0.43,0.31,2.1,0.069,13,74,0.9958,3.26,0.54,9.9,1,1432,1,1
5.9,0.44,0,1.6,0.042,3,11,0.9944,3.48,0.85,11.7,1,1433,1,0
10.2,0.54,0.37,15.4,0.214,55,95,1.00369,3.18,0.77,9,1,1435,1,1
10.2,0.54,0.37,15.4,0.214,55,95,1.00369,3.18,0.77,9,1,1436,1,1
10,0.38,0.38,1.6,0.169,27,90,0.99914,3.15,0.65,8.5,1,1437,1,2
6.8,0.915,0.29,4.8,0.07,15,39,0.99577,3.53,0.54,11.1,1,1438,1,1
7,0.59,0,1.7,0.052,3,8,0.996,3.41,0.47,10.3,1,1439,1,1
7.3,0.67,0.02,2.2,0.072,31,92,0.99566,3.32,0.68,11.0666666666667,1,1440,1,0
7.4,0.785,0.19,5.2,0.094,19,98,0.99713,3.16,0.52,9.56666666666667,1,1442,1,0
6.9,0.58,0.2,1.75,0.058,8,22,0.99322,3.38,0.49,11.7,1,1444,1,2
6.9,0.63,0.02,1.9,0.078,18,30,0.99712,3.4,0.75,9.8,1,1447,1,2
6.8,0.67,0,1.9,0.08,22,39,0.99701,3.4,0.74,9.7,1,1448,1,2
6.9,0.58,0.01,1.9,0.08,40,54,0.99683,3.4,0.73,9.7,1,1449,1,2
7.6,0.49,0.33,1.9,0.074,27,85,0.99706,3.41,0.58,9,1,1454,1,2
6.5,0.9,0,1.6,0.052,9,17,0.99467,3.5,0.63,10.9,1,1456,1,0
6,0.54,0.06,1.8,0.05,38,89,0.99236,3.3,0.5,10.55,1,1457,1,1
7.6,0.49,0.33,1.9,0.074,27,85,0.99706,3.41,0.58,9,1,1458,1,0
8.4,0.29,0.4,1.7,0.067,8,20,0.99603,3.39,0.6,10.5,1,1459,1,2
6.4,0.42,0.09,2.3,0.054,34,64,0.99724,3.41,0.68,10.4,1,1461,1,2
6.2,0.785,0,2.1,0.06,6,13,0.99664,3.59,0.61,10,0,1462,1,0
6.8,0.64,0.03,2.3,0.075,14,31,0.99545,3.36,0.58,10.4,1,1463,1,0
6.9,0.63,0.01,2.4,0.076,14,39,0.99522,3.34,0.53,10.8,1,1464,1,0
6.8,0.59,0.1,1.7,0.063,34,53,0.9958,3.41,0.67,9.7,1,1465,1,0
6.8,0.59,0.1,1.7,0.063,34,53,0.9958,3.41,0.67,9.7,1,1466,1,0
10,0.69,0.11,1.4,0.084,8,24,0.99578,2.88,0.47,9.7,1,1471,1,2
6.7,0.7,0.08,3.75,0.067,8,16,0.99334,3.43,0.52,12.6,1,1472,1,2
7.6,0.35,0.6,2.6,0.073,23,44,0.99656,3.38,0.79,11.1,1,1473,1,0
6.1,0.6,0.08,1.8,0.071,14,45,0.99336,3.38,0.54,11,1,1474,1,2
9.9,0.5,0.5,13.8,0.205,48,82,1.00242,3.16,0.75,8.8,1,1477,1,1
7.1,0.875,0.05,5.7,0.082,3,14,0.99808,3.4,0.52,10.2,0,1479,1,1
8.2,0.28,0.6,3,0.104,10,22,0.99828,3.39,0.68,10.6,1,1480,1,2
7.2,0.58,0.54,2.1,0.114,3,9,0.99719,3.33,0.57,10.3,0,1483,1,0
8.1,0.33,0.44,1.5,0.042,6,12,0.99542,3.35,0.61,10.7,1,1484,1,1
6.8,0.91,0.06,2,0.06,4,11,0.99592,3.53,0.64,10.9,0,1485,1,2
7,0.655,0.16,2.1,0.074,8,25,0.99606,3.37,0.55,9.7,1,1486,1,0
6.8,0.68,0.21,2.1,0.07,9,23,0.99546,3.38,0.6,10.3,1,1487,1,2
6,0.64,0.05,1.9,0.066,9,17,0.99496,3.52,0.78,10.6,1,1488,1,1
5.6,0.54,0.04,1.7,0.049,5,13,0.9942,3.72,0.58,11.4,1,1489,1,0
6.2,0.57,0.1,2.1,0.048,4,11,0.99448,3.44,0.76,10.8,1,1490,1,0
7.1,0.22,0.49,1.8,0.039,8,18,0.99344,3.39,0.56,12.4,1,1491,1,2
5.6,0.54,0.04,1.7,0.049,5,13,0.9942,3.72,0.58,11.4,1,1492,1,0
7.7,0.54,0.26,1.9,0.089,23,147,0.99636,3.26,0.59,9.7,1,1494,1,2
7,0.43,0.02,1.9,0.08,15,28,0.99492,3.35,0.81,10.6,1,1496,1,2
7.7,0.54,0.26,1.9,0.089,23,147,0.99636,3.26,0.59,9.7,1,1497,1,2
6.9,0.74,0.03,2.3,0.054,7,16,0.99508,3.45,0.63,11.5,1,1498,1,0
6.6,0.895,0.04,2.3,0.068,7,13,0.99582,3.53,0.58,10.8,1,1499,1,2
6.9,0.74,0.03,2.3,0.054,7,16,0.99508,3.45,0.63,11.5,1,1500,1,0
7.5,0.725,0.04,1.5,0.076,8,15,0.99508,3.26,0.53,9.6,1,1501,1,2
7.8,0.82,0.29,4.3,0.083,21,64,0.99642,3.16,0.53,9.4,1,1502,1,2
7.3,0.585,0.18,2.4,0.078,15,60,0.99638,3.31,0.54,9.8,1,1503,1,1
6.2,0.44,0.39,2.5,0.077,6,14,0.99555,3.51,0.69,11,1,1504,1,1
7.5,0.38,0.57,2.3,0.106,5,12,0.99605,3.36,0.55,11.4,1,1505,1,0
6.8,0.81,0.05,2,0.07,6,14,0.99562,3.51,0.66,10.8,1,1507,1,0
7.5,0.38,0.57,2.3,0.106,5,12,0.99605,3.36,0.55,11.4,1,1508,1,2
7.1,0.27,0.6,2.1,0.074,17,25,0.99814,3.38,0.72,10.6,1,1509,1,0
6.4,0.36,0.21,2.2,0.047,26,48,0.99661,3.47,0.77,9.7,1,1511,1,0
7.1,0.69,0.04,2.1,0.068,19,27,0.99712,3.44,0.67,9.8,1,1512,1,0
6.4,0.79,0.04,2.2,0.061,11,17,0.99588,3.53,0.65,10.4,1,1513,1,0
6.4,0.56,0.15,1.8,0.078,17,65,0.99294,3.33,0.6,10.5,1,1514,1,0
6.9,0.84,0.21,4.1,0.074,16,65,0.99842,3.53,0.72,9.23333333333333,1,1515,1,0
6.9,0.84,0.21,4.1,0.074,16,65,0.99842,3.53,0.72,9.25,1,1516,1,2
6.1,0.32,0.25,2.3,0.071,23,58,0.99633,3.42,0.97,10.6,1,1517,1,2
6.5,0.53,0.06,2,0.063,29,44,0.99489,3.38,0.83,10.3,1,1518,1,1
7.4,0.47,0.46,2.2,0.114,7,20,0.99647,3.32,0.63,10.5,1,1519,1,1
6.6,0.7,0.08,2.6,0.106,14,27,0.99665,3.44,0.58,10.2,1,1520,1,1
6.5,0.53,0.06,2,0.063,29,44,0.99489,3.38,0.83,10.3,1,1521,1,2
6.8,0.48,0.25,2,0.076,29,61,0.9953,3.34,0.6,10.4,1,1524,1,1
6,0.42,0.19,2,0.075,22,47,0.99522,3.39,0.78,10,1,1525,1,2
6.7,0.48,0.08,2.1,0.064,18,34,0.99552,3.33,0.64,9.7,1,1526,1,1
6.8,0.47,0.08,2.2,0.064,18,38,0.99553,3.3,0.65,9.6,1,1527,1,1
7.1,0.53,0.07,1.7,0.071,15,24,0.9951,3.29,0.66,10.8,1,1528,1,1
7.9,0.29,0.49,2.2,0.096,21,59,0.99714,3.31,0.67,10.1,1,1529,1,1
7.1,0.69,0.08,2.1,0.063,42,52,0.99608,3.42,0.6,10.2,1,1530,1,0
6.6,0.44,0.09,2.2,0.063,9,18,0.99444,3.42,0.69,11.3,1,1531,1,0
6.1,0.705,0.1,2.8,0.081,13,28,0.99631,3.6,0.66,10.2,1,1532,1,0
8,0.39,0.3,1.9,0.074,32,84,0.99717,3.39,0.61,9,1,1534,1,0
7,0.55,0.13,2.2,0.075,15,35,0.9959,3.36,0.59,9.7,1,1536,1,1
6.1,0.53,0.08,1.9,0.077,24,45,0.99528,3.6,0.68,10.3,1,1537,1,2
5.4,0.58,0.08,1.9,0.059,20,31,0.99484,3.5,0.64,10.2,1,1538,1,2
6.2,0.64,0.09,2.5,0.081,15,26,0.99538,3.57,0.63,12,1,1539,1,2
7.2,0.39,0.32,1.8,0.065,34,60,0.99714,3.46,0.78,9.9,1,1540,1,0
6.2,0.52,0.08,4.4,0.071,11,32,0.99646,3.56,0.63,11.6,1,1541,1,2
6.7,0.855,0.02,1.9,0.064,29,38,0.99472,3.3,0.56,10.75,1,1543,1,0
11.1,0.44,0.42,2.2,0.064,14,19,0.99758,3.25,0.57,10.4,1,1544,1,1
6.5,0.63,0.33,1.8,0.059,16,28,0.99531,3.36,0.64,10.1,1,1546,1,1
7,0.57,0.02,2,0.072,17,26,0.99575,3.36,0.61,10.2,1,1547,1,0
6.3,0.6,0.1,1.6,0.048,12,26,0.99306,3.55,0.51,12.1,1,1548,1,0
11.2,0.4,0.5,2,0.099,19,50,0.99783,3.1,0.58,10.4,1,1549,1,0
7.1,0.68,0,2.3,0.087,17,26,0.99783,3.45,0.53,9.5,1,1551,1,1
7.1,0.67,0,2.3,0.083,18,27,0.99768,3.44,0.54,9.4,1,1552,1,2
6.3,0.68,0.01,3.7,0.103,32,54,0.99586,3.51,0.66,11.3,1,1553,1,1
6.6,0.855,0.02,2.4,0.062,15,23,0.99627,3.54,0.6,11,1,1555,1,2
6.6,0.88,0.04,2.2,0.066,12,20,0.99636,3.53,0.56,9.9,1,1557,1,1
6.6,0.855,0.02,2.4,0.062,15,23,0.99627,3.54,0.6,11,1,1558,1,1
6.9,0.63,0.33,6.7,0.235,66,115,0.99787,3.22,0.56,9.5,1,1559,1,2
7.8,0.6,0.26,2,0.08,31,131,0.99622,3.21,0.52,9.9,1,1560,1,0
7.8,0.6,0.26,2,0.08,31,131,0.99622,3.21,0.52,9.9,1,1562,1,1
7.2,0.695,0.13,2,0.076,12,20,0.99546,3.29,0.54,10.1,1,1563,1,2
7.2,0.695,0.13,2,0.076,12,20,0.99546,3.29,0.54,10.1,1,1564,1,2
7.2,0.695,0.13,2,0.076,12,20,0.99546,3.29,0.54,10.1,1,1565,1,0
6.7,0.16,0.64,2.1,0.059,24,52,0.99494,3.34,0.71,11.2,1,1567,1,0
7.2,0.695,0.13,2,0.076,12,20,0.99546,3.29,0.54,10.1,1,1568,1,2
7,0.56,0.13,1.6,0.077,25,42,0.99629,3.34,0.59,9.2,1,1569,1,2
6.4,0.36,0.53,2.2,0.23,19,35,0.9934,3.37,0.93,12.4,1,1571,1,1
6.4,0.38,0.14,2.2,0.038,15,25,0.99514,3.44,0.65,11.1,1,1572,1,0
7.3,0.69,0.32,2.2,0.069,35,104,0.99632,3.33,0.51,9.5,1,1573,1,1
5.6,0.31,0.78,13.9,0.074,23,92,0.99677,3.39,0.48,10.5,1,1575,1,1
7.5,0.52,0.4,2.2,0.06,12,20,0.99474,3.26,0.64,11.8,1,1576,1,2
8,0.3,0.63,1.6,0.081,16,29,0.99588,3.3,0.78,10.8,1,1577,1,1
6.2,0.7,0.15,5.1,0.076,13,27,0.99622,3.54,0.6,11.9,1,1578,1,0
6.2,0.56,0.09,1.7,0.053,24,32,0.99402,3.54,0.6,11.3,1,1580,1,0
7.4,0.35,0.33,2.4,0.068,9,26,0.9947,3.36,0.6,11.9,1,1581,1,2
6.1,0.715,0.1,2.6,0.053,13,27,0.99362,3.57,0.5,11.9,1,1583,1,0
6.2,0.46,0.29,2.1,0.074,32,98,0.99578,3.33,0.62,9.8,1,1584,1,2
7.2,0.39,0.44,2.6,0.066,22,48,0.99494,3.3,0.84,11.5,1,1586,1,2
7.5,0.31,0.41,2.4,0.065,34,60,0.99492,3.34,0.85,11.4,1,1587,1,0
5.8,0.61,0.11,1.8,0.066,18,28,0.99483,3.55,0.66,10.9,1,1588,1,2
6.6,0.725,0.2,7.8,0.073,29,79,0.9977,3.29,0.54,9.2,1,1590,1,2
5.4,0.74,0.09,1.7,0.089,16,26,0.99402,3.67,0.56,11.6,1,1592,1,0
6.3,0.51,0.13,2.3,0.076,29,40,0.99574,3.42,0.75,11,1,1593,1,0
6.8,0.62,0.08,1.9,0.068,28,38,0.99651,3.42,0.82,9.5,1,1594,1,2
5.9,0.55,0.1,2.2,0.062,39,51,0.99512,3.52,0.76,11.2,1,1596,1,2
5.9,0.645,0.12,2,0.075,32,44,0.99547,3.57,0.71,10.2,1,1598,1,0
6,0.31,0.47,3.6,0.067,18,42,0.99549,3.39,0.66,11,1,1599,1,1
7.3,0.65,0,1.2,0.065,15,21,0.9946,3.39,0.47,10,2,8,1,1
8.1,0.38,0.28,2.1,0.066,13,30,0.9968,3.23,0.73,9.7,2,38,1,2
4.6,0.52,0.15,2.1,0.054,8,65,0.9934,3.9,0.56,13.1,0,46,1,2
7.5,0.52,0.16,1.9,0.085,12,35,0.9968,3.38,0.62,9.5,2,63,1,1
5,1.02,0.04,1.4,0.045,41,85,0.9938,3.75,0.48,10.5,0,95,1,0
8,0.59,0.16,1.8,0.065,3,16,0.9962,3.42,0.92,10.5,2,129,1,0
7.9,0.885,0.03,1.8,0.058,4,8,0.9972,3.36,0.33,9.1,0,171,1,2
5.4,0.835,0.08,1.2,0.046,13,93,0.9924,3.57,0.85,13,2,199,1,0
9.6,0.32,0.47,1.4,0.056,9,24,0.99695,3.22,0.82,10.3,2,201,1,2
12.8,0.3,0.74,2.6,0.095,9,28,0.9994,3.2,0.77,10.8,2,206,1,1
12.8,0.3,0.74,2.6,0.095,9,28,0.9994,3.2,0.77,10.8,2,207,1,0
11,0.3,0.58,2.1,0.054,7,19,0.998,3.31,0.88,10.5,2,210,1,0
8.4,0.635,0.36,2,0.089,15,55,0.99745,3.31,0.57,10.4,0,225,1,1
5.2,0.48,0.04,1.6,0.054,19,106,0.9927,3.54,0.62,12.2,2,231,1,2
15,0.21,0.44,2.2,0.075,10,24,1.00005,3.07,0.84,9.2,2,244,1,0
15,0.21,0.44,2.2,0.075,10,24,1.00005,3.07,0.84,9.2,2,245,1,2
10,0.31,0.47,2.6,0.085,14,33,0.99965,3.36,0.8,10.5,2,260,1,2
11.8,0.26,0.52,1.8,0.071,6,10,0.9968,3.2,0.72,10.2,2,266,1,1
7.9,0.35,0.46,3.6,0.078,15,37,0.9973,3.35,0.86,12.8,2,268,1,0
7.7,0.27,0.68,3.5,0.358,5,10,0.9972,3.25,1.08,9.9,2,282,1,0
8.7,0.52,0.09,2.5,0.091,20,49,0.9976,3.34,0.86,10.6,2,289,1,1
8.7,0.52,0.09,2.5,0.091,20,49,0.9976,3.34,0.86,10.6,2,291,1,1
9.8,0.66,0.39,3.2,0.083,21,59,0.9989,3.37,0.71,11.5,2,319,1,0
9.8,0.66,0.39,3.2,0.083,21,59,0.9989,3.37,0.71,11.5,2,321,1,2
11.6,0.53,0.66,3.65,0.121,6,14,0.9978,3.05,0.74,11.5,2,327,1,2
7.9,0.65,0.01,2.5,0.078,17,38,0.9963,3.34,0.74,11.7,2,335,1,2
11.9,0.695,0.53,3.4,0.128,7,21,0.9992,3.17,0.84,12.2,2,336,1,0
6.6,0.815,0.02,2.7,0.072,17,34,0.9955,3.58,0.89,12.3,2,347,1,0
10.5,0.42,0.66,2.95,0.116,12,29,0.997,3.24,0.75,11.7,2,358,1,2
11.9,0.43,0.66,3.1,0.109,10,23,1,3.15,0.85,10.4,2,359,1,1
12.8,0.615,0.66,5.8,0.083,7,42,1.0022,3.07,0.73,10,2,365,1,2
12.8,0.615,0.66,5.8,0.083,7,42,1.0022,3.07,0.73,10,2,367,1,1
9.4,0.27,0.53,2.4,0.074,6,18,0.9962,3.2,1.13,12,2,370,1,2
5.6,0.85,0.05,1.4,0.045,12,88,0.9924,3.56,0.82,12.9,2,391,1,2
12,0.37,0.76,4.2,0.066,7,38,1.0004,3.22,0.6,13,2,396,1,2
12,0.39,0.66,3,0.093,12,30,0.9996,3.18,0.63,10.8,2,408,1,0
9.9,0.4,0.53,6.7,0.097,6,19,0.9986,3.27,0.82,11.7,2,414,1,1
9.5,0.56,0.33,2.4,0.089,35,67,0.9972,3.28,0.73,11.8,2,421,1,1
6.6,0.84,0.03,2.3,0.059,32,48,0.9952,3.52,0.56,12.3,2,422,1,2
10.5,0.24,0.47,2.1,0.066,6,24,0.9978,3.15,0.9,11,2,424,1,1
6.6,0.84,0.03,2.3,0.059,32,48,0.9952,3.52,0.56,12.3,2,426,1,0
10.5,0.24,0.47,2.1,0.066,6,24,0.9978,3.15,0.9,11,2,431,1,0
15.6,0.685,0.76,3.7,0.1,6,43,1.0032,2.95,0.68,11.2,2,443,1,2
10,0.44,0.49,2.7,0.077,11,19,0.9963,3.23,0.63,11.6,2,444,1,0
5.3,0.57,0.01,1.7,0.054,5,27,0.9934,3.57,0.84,12.5,2,445,1,1
10.4,0.33,0.63,2.8,0.084,5,22,0.9998,3.26,0.74,11.2,2,454,1,1
10.4,0.33,0.63,2.8,0.084,5,22,0.9998,3.26,0.74,11.2,2,459,1,0
11.6,0.58,0.66,2.2,0.074,10,47,1.0008,3.25,0.57,9,0,460,1,2
11.6,0.32,0.55,2.8,0.081,35,67,1.0002,3.32,0.92,10.8,2,489,1,1
8.9,0.4,0.51,2.6,0.052,13,27,0.995,3.32,0.9,13.4,2,493,1,1
10.7,0.35,0.53,2.6,0.07,5,16,0.9972,3.15,0.65,11,2,496,1,1
10.7,0.35,0.53,2.6,0.07,5,16,0.9972,3.15,0.65,11,2,499,1,1
10.4,0.44,0.73,6.55,0.074,38,76,0.999,3.17,0.85,12,2,502,1,1
10.4,0.44,0.73,6.55,0.074,38,76,0.999,3.17,0.85,12,2,503,1,1
10.5,0.26,0.47,1.9,0.078,6,24,0.9976,3.18,1.04,10.9,2,504,1,2
10.5,0.24,0.42,1.8,0.077,6,22,0.9976,3.21,1.05,10.8,2,505,1,1
10.2,0.49,0.63,2.9,0.072,10,26,0.9968,3.16,0.78,12.5,2,506,1,0
10.4,0.24,0.46,1.8,0.075,6,21,0.9976,3.25,1.02,10.8,2,507,1,2
13.3,0.29,0.75,2.8,0.084,23,43,0.9986,3.04,0.68,11.4,2,510,1,2
10.5,0.51,0.64,2.4,0.107,6,15,0.9973,3.09,0.66,11.8,2,514,1,2
10.5,0.51,0.64,2.4,0.107,6,15,0.9973,3.09,0.66,11.8,2,515,1,0
12.9,0.35,0.49,5.8,0.066,5,35,1.0014,3.2,0.66,12,2,539,1,0
12,0.28,0.49,1.9,0.074,10,21,0.9976,2.98,0.66,9.9,2,584,1,1
11.8,0.33,0.49,3.4,0.093,54,80,1.0002,3.3,0.76,10.7,2,585,1,2
5,0.42,0.24,2,0.06,19,50,0.9917,3.72,0.74,14,2,589,1,0
9.4,0.41,0.48,4.6,0.072,10,20,0.9973,3.34,0.79,12.2,2,607,1,1
10.1,0.935,0.22,3.4,0.105,11,86,1.001,3.43,0.64,11.3,0,634,1,1
7.7,0.915,0.12,2.2,0.143,7,23,0.9964,3.35,0.65,10.2,2,639,1,2
7.8,0.64,0.1,6,0.115,5,11,0.9984,3.37,0.69,10.1,2,646,1,0
8.7,0.48,0.3,2.8,0.066,10,28,0.9964,3.33,0.67,11.2,2,649,1,0
12,0.5,0.59,1.4,0.073,23,42,0.998,2.92,0.68,10.5,2,658,1,1
9.1,0.765,0.04,1.6,0.078,4,14,0.998,3.29,0.54,9.7,0,705,1,1
7.5,1.115,0.1,3.1,0.086,5,12,0.9958,3.54,0.6,11.2,0,725,1,2
9.3,0.37,0.44,1.6,0.038,21,42,0.99526,3.24,0.81,10.8,2,798,1,2
5.1,0.585,0,1.7,0.044,14,86,0.99264,3.56,0.94,12.9,2,803,1,1
8.2,0.28,0.4,2.4,0.052,4,10,0.99356,3.33,0.7,12.8,2,806,1,0
8.4,0.25,0.39,2,0.041,4,10,0.99386,3.27,0.71,12.5,2,807,1,1
8.2,0.28,0.4,2.4,0.052,4,10,0.99356,3.33,0.7,12.8,2,808,1,0
4.9,0.42,0,2.1,0.048,16,42,0.99154,3.71,0.74,14,2,822,1,1
7.5,0.27,0.34,2.3,0.05,4,8,0.9951,3.4,0.64,11,2,827,1,2
7.8,0.57,0.09,2.3,0.065,34,45,0.99417,3.46,0.74,12.7,2,829,1,2
7.5,0.685,0.07,2.5,0.058,5,9,0.99632,3.38,0.55,10.9,0,831,1,0
11.6,0.47,0.44,1.6,0.147,36,51,0.99836,3.38,0.86,9.9,0,834,1,0
6.7,0.28,0.28,2.4,0.012,36,100,0.99064,3.26,0.39,11.7,2,837,1,2
6.7,0.28,0.28,2.4,0.012,36,100,0.99064,3.26,0.39,11.7,2,838,1,1
10.1,0.31,0.35,1.6,0.075,9,28,0.99672,3.24,0.83,11.2,2,839,1,0
7.6,0.735,0.02,2.5,0.071,10,14,0.99538,3.51,0.71,11.7,2,856,1,0
9.1,0.21,0.37,1.6,0.067,6,10,0.99552,3.23,0.58,11.1,2,874,1,0
8.8,0.31,0.4,2.8,0.109,7,16,0.99614,3.31,0.79,11.8,2,876,1,1
7.1,0.47,0,2.2,0.067,7,14,0.99517,3.4,0.58,10.9,0,877,1,0
10.7,0.52,0.38,2.6,0.066,29,56,0.99577,3.15,0.79,12.1,2,888,1,1
8.3,0.31,0.39,2.4,0.078,17,43,0.99444,3.31,0.77,12.5,2,899,1,2
7.4,0.635,0.1,2.4,0.08,16,33,0.99736,3.58,0.69,10.8,2,902,1,2
7.4,0.635,0.1,2.4,0.08,16,33,0.99736,3.58,0.69,10.8,2,903,1,2
6.8,0.59,0.06,6,0.06,11,18,0.9962,3.41,0.59,10.8,2,904,1,0
6.8,0.59,0.06,6,0.06,11,18,0.9962,3.41,0.59,10.8,2,905,1,0
8.6,0.22,0.36,1.9,0.064,53,77,0.99604,3.47,0.87,11,2,926,1,2
7.2,0.38,0.38,2.8,0.068,23,42,0.99356,3.34,0.72,12.9,2,939,1,2
9.9,0.27,0.49,5,0.082,9,17,0.99484,3.19,0.52,12.5,2,942,1,1
10.1,0.43,0.4,2.6,0.092,13,52,0.99834,3.22,0.64,10,2,943,1,0
9.8,0.5,0.34,2.3,0.094,10,45,0.99864,3.24,0.6,9.7,2,944,1,0
10.2,0.44,0.42,2,0.071,7,20,0.99566,3.14,0.79,11.1,2,946,1,2
10.2,0.44,0.58,4.1,0.092,11,24,0.99745,3.29,0.99,12,2,947,1,0
8.3,0.28,0.48,2.1,0.093,6,12,0.99408,3.26,0.62,12.4,2,948,1,1
8.9,0.12,0.45,1.8,0.075,10,21,0.99552,3.41,0.76,11.9,2,951,1,2
8.3,0.28,0.48,2.1,0.093,6,12,0.99408,3.26,0.62,12.4,2,952,1,0
8.2,0.31,0.4,2.2,0.058,6,10,0.99536,3.31,0.68,11.2,2,953,1,1
10.2,0.34,0.48,2.1,0.052,5,9,0.99458,3.2,0.69,12.1,2,954,1,1
6.4,0.57,0.12,2.3,0.12,25,36,0.99519,3.47,0.71,11.3,2,959,1,0
9,0.38,0.41,2.4,0.103,6,10,0.99604,3.13,0.58,11.9,2,967,1,0
10.1,0.38,0.5,2.4,0.104,6,13,0.99643,3.22,0.65,11.6,2,973,1,1
8.8,0.33,0.41,5.9,0.073,7,13,0.99658,3.3,0.62,12.1,2,975,1,1
7,0.4,0.32,3.6,0.061,9,29,0.99416,3.28,0.49,11.3,2,979,1,2
9.8,0.34,0.39,1.4,0.066,3,7,0.9947,3.19,0.55,11.4,2,987,1,2
5.6,0.66,0,2.2,0.087,3,11,0.99378,3.71,0.63,12.8,2,997,1,1
5.6,0.66,0,2.2,0.087,3,11,0.99378,3.71,0.63,12.8,2,998,1,0
7.5,0.43,0.3,2.2,0.062,6,12,0.99495,3.44,0.72,11.5,2,1001,1,2
6.8,0.36,0.32,1.8,0.067,4,8,0.9928,3.36,0.55,12.8,2,1004,1,0
6.8,0.36,0.32,1.8,0.067,4,8,0.9928,3.36,0.55,12.8,2,1006,1,2
9.1,0.3,0.34,2,0.064,12,25,0.99516,3.26,0.84,11.7,2,1008,1,1
8.9,0.28,0.45,1.7,0.067,7,12,0.99354,3.25,0.55,12.3,2,1011,1,0
8.9,0.38,0.4,2.2,0.068,12,28,0.99486,3.27,0.75,12.6,2,1017,1,2
7.7,0.58,0.01,1.8,0.088,12,18,0.99568,3.32,0.56,10.5,2,1030,1,2
7.1,0.59,0,2.1,0.091,9,14,0.99488,3.42,0.55,11.5,2,1031,1,0
7.3,0.55,0.01,1.8,0.093,9,15,0.99514,3.35,0.58,11,2,1032,1,2
10.1,0.37,0.34,2.4,0.085,5,17,0.99683,3.17,0.65,10.6,2,1036,1,0
7.6,0.31,0.34,2.5,0.082,26,35,0.99356,3.22,0.59,12.5,2,1037,1,2
8.7,0.41,0.41,6.2,0.078,25,42,0.9953,3.24,0.77,12.6,2,1039,1,0
9.5,0.39,0.41,8.9,0.069,18,39,0.99859,3.29,0.81,10.9,2,1044,1,1
8.3,0.33,0.42,2.3,0.07,9,20,0.99426,3.38,0.77,12.7,2,1054,1,1
8.9,0.48,0.53,4,0.101,3,10,0.99586,3.21,0.59,12.1,2,1057,1,2
9.9,0.53,0.57,2.4,0.093,30,52,0.9971,3.19,0.76,11.6,2,1059,1,2
8.9,0.48,0.53,4,0.101,3,10,0.99586,3.21,0.59,12.1,2,1060,1,0
9.1,0.4,0.5,1.8,0.071,7,16,0.99462,3.21,0.69,12.5,2,1062,1,0
6.6,0.52,0.08,2.4,0.07,13,26,0.99358,3.4,0.72,12.5,2,1067,1,0
11.1,0.31,0.53,2.2,0.06,3,10,0.99572,3.02,0.83,10.9,2,1068,1,0
11.1,0.31,0.53,2.2,0.06,3,10,0.99572,3.02,0.83,10.9,2,1069,1,0
9.1,0.25,0.34,2,0.071,45,67,0.99769,3.44,0.86,10.2,2,1076,1,1
7.9,0.3,0.68,8.3,0.05,37.5,278,0.99316,3.01,0.51,12.3,2,1080,1,1
7.9,0.3,0.68,8.3,0.05,37.5,289,0.99316,3.01,0.51,12.3,2,1082,1,2
8.5,0.34,0.4,4.7,0.055,3,9,0.99738,3.38,0.66,11.6,2,1087,1,2
11.6,0.41,0.54,1.5,0.095,22,41,0.99735,3.02,0.76,9.9,2,1089,1,0
10,0.26,0.54,1.9,0.083,42,74,0.99451,2.98,0.63,11.8,2,1091,1,0
8,0.31,0.45,2.1,0.216,5,16,0.99358,3.15,0.81,12.5,2,1099,1,2
5.4,0.42,0.27,2,0.092,23,55,0.99471,3.78,0.64,12.3,2,1112,1,1
7.9,0.54,0.34,2.5,0.076,8,17,0.99235,3.2,0.72,13.1,2,1121,1,2
8.8,0.24,0.35,1.7,0.055,13,27,0.99394,3.14,0.59,11.3,2,1126,1,0
7.2,0.48,0.07,5.5,0.089,10,18,0.99684,3.37,0.68,11.2,2,1134,1,1
8.5,0.28,0.35,1.7,0.061,6,15,0.99524,3.3,0.74,11.8,2,1135,1,2
10,0.41,0.45,6.2,0.071,6,14,0.99702,3.21,0.49,11.8,2,1148,1,0
8.2,0.33,0.32,2.8,0.067,4,12,0.99473,3.3,0.76,12.8,2,1151,1,0
5.1,0.51,0.18,2.1,0.042,16,101,0.9924,3.46,0.87,12.9,2,1158,1,2
10.6,0.36,0.57,2.3,0.087,6,20,0.99676,3.14,0.72,11.1,2,1161,1,1
8.5,0.32,0.42,2.3,0.075,12,19,0.99434,3.14,0.71,11.8,2,1163,1,2
7.1,0.66,0,2.4,0.052,6,11,0.99318,3.35,0.66,12.7,2,1178,1,1
8.8,0.955,0.05,1.8,0.075,5,19,0.99616,3.3,0.44,9.6,0,1190,1,0
7.2,0.25,0.37,2.5,0.063,11,41,0.99439,3.52,0.8,12.4,2,1193,1,1
7.9,0.34,0.36,1.9,0.065,5,10,0.99419,3.27,0.54,11.2,2,1202,1,1
8.6,0.42,0.39,1.8,0.068,6,12,0.99516,3.35,0.69,11.7,2,1203,1,1
7.2,0.36,0.46,2.1,0.074,24,44,0.99534,3.4,0.85,11,2,1206,1,1
7.2,0.36,0.46,2.1,0.074,24,44,0.99534,3.4,0.85,11,2,1209,1,1
6.2,0.39,0.43,2,0.071,14,24,0.99428,3.45,0.87,11.2,2,1210,1,0
5.1,0.42,0,1.8,0.044,18,88,0.99157,3.68,0.73,13.6,2,1229,1,2
6,0.33,0.32,12.9,0.054,6,113,0.99572,3.3,0.56,11.5,0,1236,1,0
8.1,0.73,0,2.5,0.081,12,24,0.99798,3.38,0.46,9.6,0,1239,1,0
5.5,0.49,0.03,1.8,0.044,28,87,0.9908,3.5,0.82,14,2,1270,1,0
9.8,0.3,0.39,1.7,0.062,3,9,0.9948,3.14,0.57,11.5,2,1280,1,1
7.5,0.755,0,1.9,0.084,6,12,0.99672,3.34,0.49,9.7,0,1294,1,1
9.1,0.36,0.39,1.8,0.06,21,55,0.99495,3.18,0.82,11,2,1324,1,2
8,0.83,0.27,2,0.08,11,63,0.99652,3.29,0.48,9.8,0,1364,1,0
7,0.6,0.12,2.2,0.083,13,28,0.9966,3.52,0.62,10.2,2,1399,1,2
7.2,0.33,0.33,1.7,0.061,3,13,0.996,3.23,1.1,10,2,1404,1,2
8.1,0.29,0.36,2.2,0.048,35,53,0.995,3.27,1.01,12.4,2,1409,1,0
7.3,0.34,0.33,2.5,0.064,21,37,0.9952,3.35,0.77,12.1,2,1418,1,1
6.1,0.4,0.16,1.8,0.069,11,25,0.9955,3.42,0.74,10.1,2,1434,1,1
7.2,0.37,0.32,2,0.062,15,28,0.9947,3.23,0.73,11.3,2,1441,1,0
7.2,0.38,0.31,2,0.056,15,29,0.99472,3.23,0.76,11.3,2,1450,1,0
7.2,0.37,0.32,2,0.062,15,28,0.9947,3.23,0.73,11.3,2,1451,1,2
7.8,0.32,0.44,2.7,0.104,8,17,0.99732,3.33,0.78,11,2,1452,1,1
7.9,0.2,0.35,1.7,0.054,7,15,0.99458,3.32,0.8,11.9,2,1460,1,0
7.3,0.48,0.32,2.1,0.062,31,54,0.99728000000000006,3.3,0.65,10,2,1467,1,1
6.7,1.04,0.08,2.3,0.067,19,32,0.99648,3.52,0.57,11,0,1468,1,0
7.3,0.48,0.32,2.1,0.062,31,54,0.99728000000000006,3.3,0.65,10,2,1469,1,2
7.3,0.98,0.05,2.1,0.061,20,49,0.99705,3.31,0.55,9.7,0,1470,1,1
5.3,0.47,0.11,2.2,0.048,16,89,0.99182,3.54,0.88,13.5666666666667,2,1476,1,2
5.3,0.47,0.11,2.2,0.048,16,89,0.99182,3.54,0.88,13.6,2,1478,1,0
5.6,0.62,0.03,1.5,0.08,6,13,0.99498,3.66,0.62,10.1,0,1481,1,0
6.4,0.31,0.09,1.4,0.066,15,28,0.99459,3.42,0.7,10,2,1495,1,2
6.7,0.76,0.02,1.8,0.078,6,12,0.996,3.55,0.63,9.95,0,1506,1,1
6.6,0.56,0.14,2.4,0.064,13,29,0.99397,3.42,0.62,11.7,2,1535,1,0
7.4,0.25,0.29,2.2,0.054,19,49,0.99666,3.4,0.76,10.9,2,1542,1,1
8.4,0.37,0.43,2.3,0.063,12,19,0.9955,3.17,0.81,11.2,2,1545,1,0
7.4,0.36,0.3,1.8,0.074,17,24,0.99419,3.24,0.7,11.4,2,1550,1,0
7,0.56,0.17,1.7,0.065,15,24,0.99514,3.44,0.68,10.55,2,1556,1,2
7.8,0.76,0.04,2.3,0.092,15,54,0.997,3.26,0.65,9.8,1,3,0,0
7.8,0.58,0.02,2,0.073,9,18,0.9968,3.36,0.57,9.5,2,9,0,2
8.9,0.62,0.19,3.9,0.17,51,148,0.9986,3.17,0.93,9.2,1,16,0,2
8.5,0.28,0.56,1.8,0.092,35,103,0.9969,3.3,0.75,10.5,2,17,0,0
8.1,0.56,0.28,1.7,0.368,16,56,0.9968,3.11,1.28,9.3,1,18,0,2
8.5,0.49,0.11,2.3,0.084,9,67,0.9968,3.17,0.53,9.4,1,24,0,1
6.9,0.4,0.14,2.4,0.085,21,40,0.9968,3.43,0.63,9.7,1,25,0,1
7.8,0.645,0,2,0.082,8,16,0.9964,3.38,0.59,9.8,1,30,0,0
8.3,0.655,0.12,2.3,0.083,15,113,0.9966,3.17,0.66,9.8,1,33,0,0
7.8,0.645,0,5.5,0.086,5,18,0.9986,3.4,0.55,9.6,1,36,0,2
8.7,0.29,0.52,1.6,0.113,12,37,0.9969,3.25,0.58,9.5,1,48,0,2
6.6,0.52,0.04,2.2,0.069,8,15,0.9956,3.4,0.63,9.4,1,52,0,2
7.6,0.51,0.15,2.8,0.11,33,73,0.9955,3.17,0.63,10.2,1,55,0,0
7.5,0.63,0.12,5.1,0.111,50,110,0.9983,3.26,0.77,9.4,1,58,0,0
7.7,0.69,0.49,1.8,0.115,20,112,0.9968,3.21,0.71,9.3,1,62,0,1
6.6,0.705,0.07,1.6,0.076,6,15,0.9962,3.44,0.58,10.7,1,68,0,0
7.7,0.63,0.08,1.9,0.076,15,27,0.9967,3.32,0.54,9.5,1,71,0,0
7.7,0.67,0.23,2.1,0.088,17,96,0.9962,3.32,0.48,9.5,1,72,0,1
8.8,0.41,0.64,2.2,0.093,9,42,0.9986,3.54,0.66,10.5,1,76,0,0
8.3,0.625,0.2,1.5,0.08,27,119,0.9972,3.16,1.12,9.1,0,80,0,0
9.3,0.39,0.44,2.1,0.107,34,125,0.9978,3.14,1.22,9.5,1,89,0,2
8.6,0.49,0.28,1.9,0.11,20,136,0.9972,2.93,1.95,9.9,1,92,0,1
7.7,0.49,0.26,1.9,0.062,9,31,0.9966,3.39,0.64,9.6,1,94,0,1
7.2,0.49,0.24,2.2,0.07,5,36,0.996,3.33,0.48,9.4,1,105,0,1
8,0.33,0.53,2.5,0.091,18,80,0.9976,3.37,0.8,9.6,1,109,0,0
8.1,0.785,0.52,2,0.122,37,153,0.9969,3.21,0.69,9.3,1,110,0,2
8.4,0.62,0.09,2.2,0.084,11,108,0.9964,3.15,0.66,9.8,1,112,0,0
7.3,1.07,0.09,1.7,0.178,10,89,0.9962,3.3,0.57,9,1,121,0,0
9,0.62,0.04,1.9,0.146,27,90,0.9984,3.16,0.7,9.4,1,126,0,0
5.6,0.5,0.09,2.3,0.049,17,99,0.9937,3.63,0.63,13,1,132,0,1
6.6,0.5,0.01,1.5,0.06,17,26,0.9952,3.4,0.58,9.8,1,134,0,0
7.8,0.56,0.19,2,0.081,17,108,0.9962,3.32,0.54,9.5,1,140,0,1
8.4,0.745,0.11,1.9,0.09,16,63,0.9965,3.19,0.82,9.6,1,141,0,2
6.3,0.39,0.08,1.7,0.066,3,20,0.9954,3.34,0.58,9.4,1,144,0,2
5.2,0.34,0,1.8,0.05,27,63,0.9916,3.68,0.79,14,1,145,0,0
6.9,0.49,0.1,2.3,0.074,12,30,0.9959,3.42,0.58,10.2,1,149,0,1
9.2,0.52,1,3.4,0.61,32,69,0.9996,2.74,2,9.4,0,152,0,2
7.1,0.43,0.42,5.5,0.071,28,128,0.9973,3.42,0.71,10.5,1,156,0,0
7.1,0.43,0.42,5.5,0.07,29,129,0.9973,3.42,0.72,10.5,1,157,0,0
7.1,0.68,0,2.2,0.073,12,22,0.9969,3.48,0.5,9.3,1,159,0,2
6.8,0.6,0.18,1.9,0.079,18,86,0.9968,3.59,0.57,9.3,1,160,0,1
6.8,0.64,0.1,2.1,0.085,18,101,0.9956,3.34,0.52,10.2,1,167,0,0
7.4,0.39,0.48,2,0.082,14,67,0.9972,3.34,0.55,9.2,1,187,0,0
6.8,0.63,0.12,3.8,0.099,16,126,0.9969,3.28,0.61,9.5,1,193,0,1
7.6,0.55,0.21,2.2,0.071,7,28,0.9964,3.28,0.55,9.7,1,194,0,2
7.6,0.55,0.21,2.2,0.071,7,28,0.9964,3.28,0.55,9.7,1,195,0,2
11.5,0.3,0.6,2,0.067,12,27,0.9981,3.11,0.97,10.1,1,198,0,1
6.9,1.09,0.06,2.1,0.061,12,31,0.9948,3.51,0.43,11.4,0,200,0,2
8.8,0.37,0.48,2.1,0.097,39,145,0.9975,3.04,1.03,9.3,1,202,0,1
7.8,0.57,0.31,1.8,0.069,26,120,0.99625,3.29,0.53,9.3,1,208,0,2
8,0.38,0.06,1.8,0.078,12,49,0.99625,3.37,0.52,9.9,1,232,0,2
7.2,0.645,0,1.9,0.097,15,39,0.99675,3.37,0.58,9.2,1,238,0,2
7.1,0.68,0.07,1.9,0.075,16,51,0.99685,3.38,0.52,9.5,1,247,0,0
7.7,0.775,0.42,1.9,0.092,8,86,0.9959,3.23,0.59,9.5,1,254,0,0
8.1,0.87,0,3.3,0.096,26,61,1.00025,3.6,0.72,9.8,0,267,0,1
11.5,0.18,0.51,4,0.104,4,23,0.9996,3.28,0.97,10.1,1,270,0,2
8.4,0.715,0.2,2.4,0.076,10,38,0.99735,3.31,0.64,9.4,1,274,0,0
10.3,0.32,0.45,6.4,0.073,5,13,0.9976,3.23,0.82,12.6,2,279,0,2
8.9,0.4,0.32,5.6,0.087,10,47,0.9991,3.38,0.77,10.5,2,280,0,2
11.4,0.26,0.44,3.6,0.071,6,19,0.9986,3.12,0.82,9.3,1,281,0,2
8.9,0.4,0.32,5.6,0.087,10,47,0.9991,3.38,0.77,10.5,2,284,0,2
9.9,0.59,0.07,3.4,0.102,32,71,1.00015,3.31,0.71,9.8,1,286,0,0
11.6,0.42,0.53,3.3,0.105,33,98,1.001,3.2,0.95,9.2,1,290,0,0
7.2,0.65,0.02,2.3,0.094,5,31,0.9993,3.67,0.8,9.7,1,299,0,0
8.3,0.705,0.12,2.6,0.092,12,28,0.9994,3.51,0.72,10,1,303,0,1
7.4,0.67,0.12,1.6,0.186,5,21,0.996,3.39,0.54,9.5,1,304,0,0
7.6,0.62,0.32,2.2,0.082,7,54,0.9966,3.36,0.52,9.4,1,307,0,1
8.6,0.47,0.3,3,0.076,30,135,0.9976,3.3,0.53,9.4,1,314,0,0
7.4,0.36,0.29,2.6,0.087,26,72,0.99645,3.39,0.68,11,1,315,0,2
9.6,0.77,0.12,2.9,0.082,30,74,0.99865,3.3,0.64,10.4,1,320,0,0
8,0.58,0.28,3.2,0.066,21,114,0.9973,3.22,0.54,9.4,1,333,0,1
8.4,0.56,0.08,2.1,0.105,16,44,0.9958,3.13,0.52,11,1,334,0,1
12.5,0.28,0.54,2.3,0.082,12,29,0.9997,3.11,1.36,9.8,2,340,0,2
10.9,0.39,0.47,1.8,0.118,6,14,0.9982,3.3,0.75,9.8,1,343,0,1
11.9,0.57,0.5,2.6,0.082,6,32,1.0006,3.12,0.78,10.7,1,345,0,1
7,0.685,0,1.9,0.067,40,63,0.9979,3.6,0.81,9.9,1,346,0,0
10.7,0.67,0.22,2.7,0.107,17,34,1.0004,3.28,0.98,9.9,1,351,0,2
6.1,0.21,0.4,1.4,0.066,40.5,165,0.9912,3.25,0.59,11.9,1,355,0,2
10,0.42,0.5,3.4,0.107,7,21,0.9979,3.26,0.93,11.8,1,366,0,2
11.5,0.54,0.71,4.4,0.124,6,15,0.9984,3.01,0.83,11.8,2,376,0,1
9.4,0.27,0.53,2.4,0.074,6,18,0.9962,3.2,1.13,12,2,378,0,0
8.3,0.26,0.42,2,0.08,11,27,0.9974,3.21,0.8,9.4,1,383,0,0
7.7,0.51,0.28,2.1,0.087,23,54,0.998,3.42,0.74,9.2,1,385,0,1
9.6,0.38,0.31,2.5,0.096,16,49,0.9982,3.19,0.7,10,2,390,0,0
9.5,0.37,0.52,2,0.082,6,26,0.998,3.18,0.51,9.5,1,393,0,1
11.5,0.59,0.59,2.6,0.087,13,49,0.9988,3.18,0.65,11,1,399,0,2
6.6,0.735,0.02,7.9,0.122,68,124,0.9994,3.47,0.53,9.9,1,401,0,2
7.7,0.26,0.3,1.7,0.059,20,38,0.9949,3.29,0.47,10.8,1,402,0,1
9.8,0.44,0.47,2.5,0.063,9,28,0.9981,3.24,0.65,10.8,1,407,0,2
9,0.43,0.34,2.5,0.08,26,86,0.9987,3.38,0.62,9.5,1,411,0,2
7.1,0.735,0.16,1.9,0.1,15,77,0.9966,3.27,0.64,9.3,1,413,0,0
7,0.58,0.12,1.9,0.091,34,124,0.9956,3.44,0.48,10.5,1,418,0,0
7.7,0.96,0.2,2,0.047,15,60,0.9955,3.36,0.44,10.9,1,423,0,0
12.6,0.31,0.72,2.2,0.072,6,29,0.9987,2.88,0.82,9.8,2,441,0,1
9.3,0.48,0.29,2.1,0.127,6,16,0.9968,3.22,0.72,11.2,1,448,0,0
8.6,0.53,0.22,2,0.1,7,27,0.9967,3.2,0.56,10.2,1,449,0,0
6.8,0.56,0.03,1.7,0.084,18,35,0.9968,3.44,0.63,10,1,453,0,0
11.3,0.62,0.67,5.2,0.086,6,19,0.9988,3.22,0.69,13.4,2,456,0,2
8.3,0.615,0.22,2.6,0.087,6,19,0.9982,3.26,0.61,9.3,1,462,0,1
11.4,0.36,0.69,2.1,0.09,6,21,1,3.17,0.62,9.2,1,469,0,2
13,0.32,0.65,2.6,0.093,15,47,0.9996,3.05,0.61,10.6,1,471,0,0
12.5,0.37,0.55,2.6,0.083,25,68,0.9995,3.15,0.82,10.4,1,473,0,0
9.3,0.27,0.41,2,0.091,6,16,0.998,3.28,0.7,9.7,1,477,0,0
9.4,0.685,0.11,2.7,0.077,6,31,0.9984,3.19,0.7,10.1,1,480,0,0
10.6,0.28,0.39,15.5,0.069,6,23,1.0026,3.12,0.66,9.2,1,481,0,0
9.4,0.3,0.56,2.8,0.08,6,17,0.9964,3.15,0.92,11.7,2,482,0,1
9.2,0.41,0.5,2.5,0.055,12,25,0.9952,3.34,0.79,13.3,2,492,0,2
8.7,0.69,0.31,3,0.086,23,81,1.0002,3.48,0.74,11.6,1,494,0,1
12.5,0.6,0.49,4.3,0.1,5,14,1.001,3.25,0.74,11.9,1,517,0,1
11.2,0.66,0.24,2.5,0.085,16,53,0.9993,3.06,0.72,11,1,544,0,0
6.8,0.51,0.01,2.1,0.074,9,25,0.9958,3.33,0.56,9.5,1,551,0,0
9,0.44,0.49,2.4,0.078,26,121,0.9978,3.23,0.58,9.2,1,562,0,2
9.8,0.5,0.49,2.6,0.25,5,20,0.999,3.31,0.79,10.7,1,569,0,2
6.2,0.36,0.24,2.2,0.095,19,42,0.9946,3.57,0.57,11.7,1,570,0,2
11.5,0.35,0.49,3.3,0.07,10,37,1.0003,3.32,0.91,11,1,571,0,2
10.5,0.59,0.49,2.1,0.07,14,47,0.9991,3.3,0.56,9.6,0,574,0,2
10.6,0.31,0.49,2.2,0.063,18,40,0.9976,3.14,0.51,9.8,1,580,0,0
7.6,0.51,0.24,2.4,0.091,8,38,0.998,3.47,0.66,9.6,1,586,0,1
11.1,0.31,0.49,2.7,0.094,16,47,0.9986,3.12,1.02,10.6,2,587,0,2
10.2,0.29,0.49,2.6,0.059,5,13,0.9976,3.05,0.74,10.5,2,590,0,0
12.4,0.4,0.51,2,0.059,6,24,0.9994,3.04,0.6,9.3,1,597,0,2
13.2,0.46,0.52,2.2,0.071,12,35,1.0006,3.1,0.56,9,1,602,0,1
13.2,0.38,0.55,2.7,0.081,5,16,1.0006,2.98,0.54,9.4,1,612,0,0
9.6,0.6,0.5,2.3,0.079,28,71,0.9997,3.5,0.57,9.7,1,617,0,0
8.8,0.6,0.29,2.2,0.098,5,15,0.9988,3.36,0.49,9.1,1,627,0,2
8.8,0.6,0.29,2.2,0.098,5,15,0.9988,3.36,0.49,9.1,1,628,0,2
8.7,0.54,0.26,2.5,0.097,7,31,0.9976,3.27,0.6,9.3,1,629,0,1
8.7,0.54,0.26,2.5,0.097,7,31,0.9976,3.27,0.6,9.3,1,631,0,2
8.7,0.84,0,1.4,0.065,24,33,0.9954,3.27,0.55,9.7,1,636,0,1
8.9,0.29,0.35,1.9,0.067,25,57,0.997,3.18,1.36,10.3,1,640,0,0
9.9,0.54,0.45,2.3,0.071,16,40,0.9991,3.39,0.62,9.4,1,643,0,2
7.3,0.67,0.05,3.6,0.107,6,20,0.9972,3.4,0.63,10.1,1,647,0,1
10.7,0.43,0.39,2.2,0.106,8,32,0.9986,2.89,0.5,9.6,1,657,0,0
10.1,0.28,0.46,1.8,0.05,5,13,0.9974,3.04,0.79,10.2,1,664,0,0
6.9,0.4,0.24,2.5,0.083,30,45,0.9959,3.26,0.58,10,1,671,0,1
8.2,0.73,0.21,1.7,0.074,5,13,0.9968,3.2,0.52,9.5,1,672,0,1
9.8,1.24,0.34,2,0.079,32,151,0.998,3.15,0.53,9.5,1,673,0,1
8.6,0.8,0.11,2.3,0.084,12,31,0.9979,3.4,0.48,9.9,1,678,0,2
10.8,0.26,0.45,3.3,0.06,20,49,0.9972,3.13,0.54,9.6,1,680,0,1
8.6,0.49,0.51,2,0.422,16,62,0.9979,3.03,1.17,9,1,693,0,1
7,0.64,0.02,2.1,0.067,9,23,0.997,3.47,0.67,9.4,1,703,0,1
6.4,0.57,0.02,1.8,0.067,4,11,0.997,3.46,0.68,9.5,1,728,0,2
7.7,0.965,0.1,2.1,0.112,11,22,0.9963,3.26,0.5,9.5,1,737,0,0
8.3,0.65,0.1,2.9,0.089,17,40,0.99803,3.29,0.55,9.5,1,751,0,0
7.6,0.54,0.13,2.5,0.097,24,66,0.99785,3.39,0.61,9.4,1,753,0,0
7.8,0.91,0.07,1.9,0.058,22,47,0.99525,3.51,0.43,10.7,1,756,0,2
9,0.58,0.25,2.8,0.075,9,104,0.99779,3.23,0.57,9.7,1,761,0,2
9.2,0.67,0.1,3,0.091,12,48,0.99888,3.31,0.54,9.5,1,766,0,0
8.8,0.59,0.18,2.9,0.089,12,74,0.99738,3.14,0.54,9.4,1,767,0,2
7.5,0.6,0.32,2.7,0.103,13,98,0.99938,3.45,0.62,9.5,1,768,0,1
7.2,1,0,3,0.102,7,16,0.99586,3.43,0.46,10,1,776,0,2
7,0.57,0,2,0.19,12,45,0.99676,3.31,0.6,9.4,1,781,0,1
9.9,0.35,0.41,2.3,0.083,11,61,0.9982,3.21,0.5,9.5,1,786,0,2
7.1,0.61,0.02,2.5,0.081,17,87,0.99745,3.48,0.6,9.7,1,793,0,2
7.7,0.6,0,2.6,0.055,7,13,0.99639,3.38,0.56,10.8,1,794,0,0
10.1,0.27,0.54,2.3,0.065,7,26,0.99531,3.17,0.53,12.5,1,795,0,0
10.8,0.89,0.3,2.6,0.132,7,60,0.99786,2.99,1.18,10.2,1,796,0,0
7.2,0.61,0.08,4,0.082,26,108,0.99641,3.25,0.51,9.4,1,801,0,1
7.6,0.48,0.31,2.8,0.07,4,15,0.99693,3.22,0.55,10.3,1,810,0,1
10.8,0.45,0.33,2.5,0.099,20,38,0.99818,3.24,0.71,10.8,1,813,0,2
6.9,0.39,0.24,2.1,0.102,4,7,0.99462,3.44,0.58,11.4,0,814,0,1
12.6,0.41,0.54,2.8,0.103,19,41,0.99939,3.21,0.76,11.3,1,815,0,2
10.8,0.29,0.42,1.6,0.084,19,27,0.99545,3.28,0.73,11.9,1,818,0,0
6.7,0.54,0.13,2,0.076,15,36,0.9973,3.61,0.64,9.8,1,823,0,0
7.1,0.46,0.14,2.8,0.076,15,37,0.99624,3.36,0.49,10.7,1,826,0,1
10.4,0.44,0.42,1.5,0.145,34,48,0.99832,3.38,0.86,9.9,0,833,0,0
7.6,0.665,0.1,1.5,0.066,27,55,0.99655,3.39,0.51,9.3,1,836,0,2
6,0.5,0.04,2.2,0.092,13,26,0.99647,3.46,0.47,10,1,840,0,2
11.1,0.42,0.47,2.65,0.085,9,34,0.99736,3.24,0.77,12.1,2,841,0,1
6.6,0.66,0,3,0.115,21,31,0.99629,3.45,0.63,10.3,1,842,0,0
9.3,0.43,0.44,1.9,0.085,9,22,0.99708,3.28,0.55,9.5,1,851,0,1
9.3,0.36,0.39,1.5,0.08,41,55,0.99652,3.47,0.73,10.9,1,855,0,1
8.2,0.26,0.34,2.5,0.073,16,47,0.99594,3.4,0.78,11.3,2,858,0,1
11.7,0.28,0.47,1.7,0.054,17,32,0.99686,3.15,0.67,10.6,2,859,0,0
5.8,1.01,0.66,2,0.039,15,88,0.99357,3.66,0.6,11.5,1,862,0,0
6.9,0.51,0.23,2,0.072,13,22,0.99438,3.4,0.84,11.2,1,868,0,2
6.8,0.56,0.22,1.8,0.074,15,24,0.99438,3.4,0.82,11.2,1,869,0,1
7.6,0.63,0.03,2,0.08,27,43,0.99578,3.44,0.64,10.9,1,870,0,0
7.3,0.35,0.24,2,0.067,28,48,0.99576,3.43,0.54,10,0,873,0,2
10.4,0.38,0.46,2.1,0.104,6,10,0.99664,3.12,0.65,11.8,2,875,0,2
7.2,0.6,0.04,2.5,0.076,18,88,0.99745,3.53,0.55,9.5,1,884,0,2
8.9,0.75,0.14,2.5,0.086,9,30,0.99824,3.34,0.64,10.5,1,886,0,2
7.2,0.63,0.03,2.2,0.08,17,88,0.99745,3.53,0.58,9.8,1,895,0,0
8.3,0.31,0.39,2.4,0.078,17,43,0.99444,3.31,0.77,12.5,2,897,0,0
7.1,0.59,0.01,2.3,0.08,27,43,0.9955,3.42,0.58,10.7,1,898,0,0
8.3,1.02,0.02,3.4,0.084,6,11,0.99892,3.48,0.49,11,0,900,0,2
8.9,0.31,0.36,2.6,0.056,10,39,0.99562,3.4,0.69,11.8,1,901,0,2
9.3,0.38,0.48,3.8,0.132,3,11,0.99577,3.23,0.57,13.2,1,911,0,1
9.4,0.395,0.46,4.6,0.094,3,10,0.99639,3.27,0.64,12.2,2,914,0,2
5.3,0.715,0.19,1.5,0.161,7,62,0.99395,3.62,0.61,11,1,917,0,2
8.4,0.36,0.32,2.2,0.081,32,79,0.9964,3.3,0.72,11,1,922,0,1
8.7,0.33,0.38,3.3,0.063,10,19,0.99468,3.3,0.73,12,2,930,0,0
7.4,0.61,0.01,2,0.074,13,38,0.99748,3.48,0.65,9.8,1,934,0,1
6.6,0.61,0.01,1.9,0.08,8,25,0.99746,3.69,0.73,10.5,1,935,0,2
8.8,0.3,0.38,2.3,0.06,19,72,0.99543,3.39,0.72,11.8,1,936,0,2
8.8,0.3,0.38,2.3,0.06,19,72,0.99543,3.39,0.72,11.8,1,937,0,0
9.6,0.33,0.52,2.2,0.074,13,25,0.99509,3.36,0.76,12.4,2,941,0,1
8.3,0.3,0.49,3.8,0.09,11,24,0.99498,3.27,0.64,12.1,2,945,0,2
8.9,0.12,0.45,1.8,0.075,10,21,0.99552,3.41,0.76,11.9,2,949,0,2
8.9,0.12,0.45,1.8,0.075,10,21,0.99552,3.41,0.76,11.9,2,950,0,2
7.6,0.43,0.4,2.7,0.082,6,11,0.99538,3.44,0.54,12.2,1,955,0,1
6.6,0.57,0.02,2.1,0.115,6,16,0.99654,3.38,0.69,9.5,1,963,0,0
10.4,0.26,0.48,1.9,0.066,6,10,0.99724,3.33,0.87,10.9,1,971,0,0
9.5,0.86,0.26,1.9,0.079,13,28,0.99712,3.25,0.62,10,1,982,0,0
12.2,0.45,0.49,1.4,0.075,3,6,0.9969,3.13,0.63,10.4,1,985,0,1
7.1,0.36,0.3,1.6,0.08,35,70,0.99693,3.44,0.5,9.4,1,988,0,2
7.7,0.39,0.12,1.7,0.097,19,27,0.99596,3.16,0.49,9.4,1,989,0,1
9.7,0.295,0.4,1.5,0.073,14,21,0.99556,3.14,0.51,10.9,1,990,0,2
7.1,0.34,0.28,2,0.082,31,68,0.99694,3.45,0.48,9.4,1,994,0,0
7.7,0.6,0.06,2,0.079,19,41,0.99697,3.39,0.62,10.1,1,996,0,1
9.9,0.35,0.38,1.5,0.058,31,47,0.99676,3.26,0.82,10.6,2,1002,0,2
9.1,0.29,0.33,2.05,0.063,13,27,0.99516,3.26,0.84,11.7,2,1003,0,2
8.2,0.43,0.29,1.6,0.081,27,45,0.99603,3.25,0.54,10.3,1,1005,0,2
9.1,0.29,0.33,2.05,0.063,13,27,0.99516,3.26,0.84,11.7,2,1007,0,1
8.9,0.35,0.4,3.6,0.11,12,24,0.99549,3.23,0.7,12,2,1009,0,2
9.6,0.5,0.36,2.8,0.116,26,55,0.99722,3.18,0.68,10.9,1,1010,0,1
7.7,1.005,0.15,2.1,0.102,11,32,0.99604,3.23,0.48,10,1,1013,0,0
7.5,0.71,0,1.6,0.092,22,31,0.99635,3.38,0.58,10,1,1014,0,2
11.3,0.36,0.66,2.4,0.123,3,8,0.99642,3.2,0.53,11.9,1,1022,0,0
8.2,0.32,0.42,2.3,0.098,3,9,0.99505999999999994,3.27,0.55,12.3,1,1024,0,1
7.7,0.58,0.01,1.8,0.088,12,18,0.99568,3.32,0.56,10.5,2,1025,0,0
8.6,0.83,0,2.8,0.095,17,43,0.99822,3.33,0.6,10.4,1,1026,0,2
6.4,0.795,0,2.2,0.065,28,52,0.99378,3.49,0.52,11.6,1,1028,0,0
8.9,0.745,0.18,2.5,0.077,15,48,0.99739,3.2,0.47,9.7,1,1035,0,2
7.3,0.91,0.1,1.8,0.074,20,56,0.99672,3.35,0.56,9.2,1,1038,0,2
6.9,0.44,0,1.4,0.07,32,38,0.99438,3.32,0.58,11.4,1,1046,0,0
11.6,0.23,0.57,1.8,0.074,3,8,0.9981,3.14,0.7,9.9,1,1061,0,1
8,0.38,0.44,1.9,0.098,6,15,0.9956,3.3,0.64,11.4,1,1063,0,2
10.2,0.29,0.65,2.4,0.075,6,17,0.99565,3.22,0.63,11.8,1,1064,0,1
9.3,0.33,0.45,1.5,0.057,19,37,0.99498,3.18,0.89,11.1,2,1071,0,0
7.5,0.77,0.2,8.1,0.098,30,92,0.99892,3.2,0.58,9.2,1,1075,0,0
8.7,0.42,0.45,2.4,0.072,32,59,0.99617,3.33,0.77,12,1,1084,0,2
6.8,0.48,0.08,1.8,0.074,40,64,0.99529,3.12,0.49,9.6,1,1086,0,1
11.6,0.41,0.54,1.5,0.095,22,41,0.99735,3.02,0.76,9.9,2,1090,0,2
7.9,0.34,0.42,2,0.086,8,19,0.99546,3.35,0.6,11.4,1,1092,0,1
9.2,0.31,0.36,2.2,0.079,11,31,0.99615,3.33,0.86,12,2,1094,0,2
9.4,0.4,0.47,2.5,0.087,6,20,0.99772,3.15,0.5,10.5,1,1096,0,2
8.6,0.52,0.38,1.5,0.096,5,18,0.99666,3.2,0.52,9.4,1,1100,0,2
8,0.48,0.34,2.2,0.073,16,25,0.9936,3.28,0.66,12.4,1,1105,0,0
9.1,0.3,0.41,2,0.068,10,24,0.99523,3.27,0.85,11.7,2,1108,0,0
6.6,0.5,0,1.8,0.062,21,28,0.99352,3.44,0.55,12.3,1,1122,0,2
7.4,0.36,0.34,1.8,0.075,18,38,0.9933,3.38,0.88,13.6,2,1133,0,2
7.5,0.41,0.15,3.7,0.104,29,94,0.99786,3.14,0.58,9.1,1,1139,0,1
7.3,0.32,0.23,2.3,0.066,35,70,0.99588,3.43,0.62,10.1,1,1145,0,1
9.6,0.42,0.35,2.1,0.083,17,38,0.99622,3.23,0.66,11.1,1,1154,0,0
8.3,0.6,0.25,2.2,0.118,9,38,0.99616,3.15,0.53,9.8,1,1156,0,2
8.5,0.18,0.51,1.75,0.071,45,88,0.99524,3.33,0.76,11.8,2,1157,0,2
9,0.785,0.24,1.7,0.078,10,21,0.99692,3.29,0.67,10,1,1164,0,0
9,0.785,0.24,1.7,0.078,10,21,0.99692,3.29,0.67,10,1,1165,0,2
8.2,0.33,0.39,2.5,0.074,29,48,0.99528,3.32,0.88,12.4,2,1168,0,2
7.6,0.5,0.29,2.3,0.086,5,14,0.99502,3.32,0.62,11.5,1,1170,0,1
9.2,0.36,0.34,1.6,0.062,5,12,0.99667,3.2,0.67,10.5,1,1171,0,2
7.6,0.36,0.31,1.7,0.079,26,65,0.99716,3.46,0.62,9.5,1,1175,0,0
9.8,0.39,0.43,1.65,0.068,5,11,0.99478,3.19,0.46,11.4,1,1182,0,0
9.1,0.4,0.57,4.6,0.08,6,20,0.99652,3.28,0.57,12.5,1,1191,0,1
6.2,0.43,0.22,1.8,0.078,21,56,0.99633,3.52,0.6,9.5,1,1196,0,2
7.7,0.57,0.21,1.5,0.069,4,9,0.99458,3.16,0.54,9.8,1,1198,0,2
9.9,0.74,0.19,5.8,0.111,33,76,0.99878,3.14,0.55,9.4,1,1204,0,1
7.2,0.36,0.46,2.1,0.074,24,44,0.99534,3.4,0.85,11,2,1205,0,2
7.2,0.36,0.46,2.1,0.074,24,44,0.99534,3.4,0.85,11,2,1207,0,0
6.6,0.44,0.15,2.1,0.076,22,53,0.9957,3.32,0.62,9.3,1,1212,0,0
8.2,0.4,0.31,1.9,0.082,8,24,0.996,3.24,0.69,10.6,1,1219,0,0
9.2,0.46,0.23,2.6,0.091,18,77,0.99922,3.15,0.51,9.4,1,1226,0,1
7.5,0.58,0.03,4.1,0.08,27,46,0.99592,3.02,0.47,9.2,1,1227,0,2
7.4,0.55,0.19,1.8,0.082,15,34,0.99655,3.49,0.68,10.5,1,1248,0,1
7.8,0.7,0.06,1.9,0.079,20,35,0.99628,3.4,0.69,10.9,1,1255,0,1
7,0.58,0.28,4.8,0.085,12,69,0.99633,3.32,0.7,11,1,1258,0,1
6.8,0.64,0,2.7,0.123,15,33,0.99538,3.44,0.63,11.3,1,1260,0,1
8.6,0.635,0.68,1.8,0.403,19,56,0.99632,3.02,1.15,9.3,1,1261,0,1
6.3,1.02,0,2,0.083,17,24,0.99437,3.59,0.55,11.2,0,1262,0,0
10.4,0.43,0.5,2.3,0.068,13,19,0.996,3.1,0.87,11.4,1,1268,0,2
7.9,0.765,0,2,0.084,9,22,0.99619,3.33,0.68,10.9,1,1283,0,1
6.6,0.63,0,4.3,0.093,51,46.42892924232937,0.99558,3.2,0.45,9.5,1,1297,0,0
6.7,0.86,0.07,2,0.1,20,57,0.99598,3.6,0.74,11.7,1,1302,0,0
9.1,0.37,0.32,2.1,0.064,4,15,0.99576,3.3,0.8,11.2,1,1303,0,1
8,0.28,0.44,1.8,0.081,28,68,0.99501,3.36,0.66,11.2,1,1304,0,1
7,0.36,0.21,2.3,0.086,20,65,0.99558,3.4,0.54,10.1,1,1314,0,2
7.5,0.63,0.27,2,0.083,17,91,0.99616,3.26,0.58,9.8,1,1316,0,1
9.9,0.44,0.46,2.2,0.091,10,41,0.99638,3.18,0.69,11.9,1,1318,0,1
7.5,0.63,0.27,2,0.083,17,91,0.99616,3.26,0.58,9.8,1,1319,0,2
9.1,0.34,0.42,1.8,0.058,9,18,0.99392,3.18,0.55,11.4,1,1323,0,1
8.4,0.39,0.1,1.7,0.075,6,25,0.99581,3.09,0.43,9.7,1,1333,0,1
6,0.5,0,1.4,0.057,15,26,0.99448,3.36,0.45,9.5,1,1337,0,2
7.5,0.51,0.02,1.7,0.084,13,31,0.99538,3.36,0.54,10.5,1,1341,0,0
11.5,0.42,0.48,2.6,0.077,8,20,0.99852,3.09,0.53,11,1,1345,0,0
6.1,0.32,0.25,1.8,0.086,5,32,0.99464,3.36,0.44,10.1,1,1356,0,0
7.8,0.5,0.09,2.2,0.115,10,42,0.9971,3.18,0.62,9.5,1,1366,0,2
8.7,0.78,0.51,1.7,0.415,12,66,0.99623,3,1.17,9.2,1,1371,0,2
7.2,0.56,0.26,2,0.083,13,100,0.99586,3.26,0.52,9.9,1,1376,0,1
7.1,0.62,0.06,1.3,0.07,5,12,0.9942,3.17,0.48,9.8,1,1393,0,2
8.6,0.685,0.1,1.6,0.092,3,12,0.99745,3.31,0.65,9.55,1,1396,0,0
7.9,0.69,0.21,2.1,0.08,33,141,0.9962,3.25,0.51,9.9,1,1401,0,2
7.7,0.28,0.3,2,0.062,18,34,0.9952,3.28,0.9,11.3,2,1406,0,1
6.4,0.47,0.4,2.4,0.071,8,19,0.9963,3.56,0.73,10.6,1,1412,0,1
7.8,0.53,0.01,1.6,0.077,3,19,0.995,3.16,0.46,9.8,1,1421,0,0
7.8,0.64,0,1.9,0.072,27,55,0.9962,3.31,0.63,11,1,1429,0,0
7.4,0.41,0.24,1.8,0.066,18,47,0.9956,3.37,0.62,10.4,1,1431,0,0
6.9,0.63,0.02,1.9,0.078,18,30,0.99712,3.4,0.75,9.8,1,1443,0,0
7.3,0.67,0.02,2.2,0.072,31,92,0.99566,3.32,0.68,11.1,1,1445,0,0
7.4,0.785,0.19,5.2,0.094,19,98,0.99713,3.16,0.52,9.6,1,1446,0,0
6.6,0.58,0.02,2,0.062,37,53,0.99374,3.35,0.76,11.6,2,1453,0,1
11.7,0.45,0.63,2.2,0.073,7,23,0.99974,3.21,0.69,10.9,1,1455,0,2
9.9,0.5,0.5,13.8,0.205,48,82,1.00242,3.16,0.75,8.8,1,1475,0,1
8.2,0.28,0.6,3,0.104,10,22,0.99828,3.39,0.68,10.6,1,1482,0,2
6.2,0.65,0.06,1.6,0.05,6,18,0.99348,3.57,0.54,11.95,1,1493,0,2
7.9,0.18,0.4,1.8,0.062,7,20,0.9941,3.28,0.7,11.1,1,1510,0,2
6.9,0.48,0.2,1.9,0.082,9,23,0.99585,3.39,0.43,9.05,0,1522,0,0
6.1,0.32,0.25,2.3,0.071,23,58,0.99633,3.42,0.97,10.6,1,1523,0,0
7.2,0.53,0.13,2,0.058,18,22,0.99573,3.21,0.68,9.9,1,1533,0,1
7.3,0.735,0,2.2,0.08,18,28,0.99765,3.41,0.6,9.4,1,1554,0,0
7.8,0.6,0.26,2,0.08,31,131,0.99622,3.21,0.52,9.9,1,1561,0,1
6.7,0.67,0.02,1.9,0.061,26,42,0.99489,3.39,0.82,10.9,1,1566,0,2
6.2,0.51,0.14,1.9,0.056,15,34,0.99396,3.48,0.57,11.5,1,1570,0,2
6,0.58,0.2,2.4,0.075,15,50,0.99467,3.58,0.67,12.5,1,1574,0,1
6.8,0.67,0.15,1.8,0.118,13,20,0.9954,3.42,0.67,11.3,1,1579,0,0
6.2,0.56,0.09,1.7,0.053,24,32,0.99402,3.54,0.6,11.3,1,1582,0,0
6.7,0.32,0.44,2.4,0.061,24,34,0.99484,3.29,0.8,11.6,2,1585,0,0
7.2,0.66,0.33,2.5,0.068,34,102,0.99414,3.27,0.78,12.8,1,1589,0,2
6.3,0.55,0.15,1.8,0.077,26,35,0.99314,3.32,0.82,11.6,1,1591,0,1
6.2,0.6,0.08,2,0.09,32,44,0.9949,3.45,0.58,10.5,1,1595,0,2
6.3,0.51,0.13,2.3,0.076,29,40,0.99574,3.42,0.75,11,1,1597,0,1
